ticket_id,customer_name,opening_date,latency_ms,is_resolved,issue_category
1000,luis torres,2026/01/19,421,Yes,Configuration
1001,luis torres,13/02/2026,-46,N,Layer 1
1002,luis torres,02-07-26,398,N,Layer 1
1003,MARIA LOPEZ,2026/01/18,-17,y,Layer 2
1004,luis torres,16/02/2026,-98,No,Layer 1
1005,MARIA LOPEZ,2026/01/24,340,1,Software
1006,Ana Silva,2026-01-24,449,No,Software
1007,Pedro Marmol,07/02/2026,18,1,Layer 1
1008,Ana Silva,2026/01/30,489,S,Configuration
1009,Pedro Marmol,01-23-26,130,y,Layer 2
1010,juan perez,2026/02/14,177,No,Layer 1
1011,juan perez,2026/02/08,383,No,Layer 2
1012,juan perez,2026/02/10,87,S,Layer 2
1013,luis torres,02-12-26,251,y,Configuration
1014,MARIA LOPEZ,2026-02-14,152,0,Layer 1
1015,  carlos ruiz,02-06-26,166,0,Software
1016,  carlos ruiz,01-26-26,-17,S,Software
1017,luis torres,01/02/2026,-92,1,Layer 2
1018,luis torres,2026/02/05,149,Yes,Software
1019,Pedro Marmol,10/02/2026,327,1,Software
1020,Pedro Marmol,02-03-26,437,0,Layer 2
1021,  carlos ruiz,10/02/2026,269,S,Configuration
1022,Ana Silva,2026-02-05,473,1,Software
1023,Ana Silva,2026-02-05,459,Yes,Software
1024,juan perez,22/01/2026,472,Yes,Software
1025,MARIA LOPEZ,2026-02-03,211,1,Layer 2
1026,Ana Silva,2026-02-09,6,0,Layer 1
1027,  carlos ruiz,2026-02-03,291,N,Configuration
1028,Pedro Marmol,02-01-26,303,Yes,Software
1029,MARIA LOPEZ,2026/02/12,54,1,Software
1030,Pedro Marmol,01-21-26,444,N,Configuration
1031,juan perez,01-25-26,433,y,Software
1032,  carlos ruiz,17/01/2026,493,1,Layer 1
1033,Pedro Marmol,09/02/2026,497,N,Software
1034,Pedro Marmol,2026-01-26,118,1,Configuration
1035,MARIA LOPEZ,2026-01-20,488,No,Software
1036,luis torres,17/01/2026,75,Yes,Layer 1
1037,  carlos ruiz,01-20-26,169,N,Layer 1
1038,juan perez,12/02/2026,430,1,Layer 1
1039,juan perez,2026/01/30,59,No,Software
1040,MARIA LOPEZ,02-15-26,124,y,Layer 2
1041,Pedro Marmol,2026-01-26,99,S,Configuration
1042,Ana Silva,17/01/2026,228,y,Layer 2
1043,juan perez,2026-01-18,195,Yes,Layer 2
1044,  carlos ruiz,2026-01-31,324,Yes,Configuration
1045,MARIA LOPEZ,2026/01/20,341,N,Layer 2
1046,Pedro Marmol,2026-02-03,267,1,Layer 1
1047,MARIA LOPEZ,02-14-26,184,N,Layer 2
1048,Ana Silva,02-01-26,325,S,Layer 2
1049,  carlos ruiz,13/02/2026,143,1,Configuration
1050,  carlos ruiz,02-06-26,291,1,Configuration
1051,  carlos ruiz,2026-01-18,30,y,Configuration
1052,luis torres,2026/02/05,-18,0,Layer 2
1053,juan perez,01-27-26,130,1,Configuration
1054,luis torres,02-06-26,113,No,Software
1055,Ana Silva,05/02/2026,367,0,Configuration
1056,juan perez,2026/01/21,494,N,Configuration
1057,juan perez,15/02/2026,233,0,Layer 1
1058,MARIA LOPEZ,2026-01-25,379,y,Layer 1
1059,Pedro Marmol,02-05-26,115,N,Software
1060,MARIA LOPEZ,2026-02-16,303,1,Configuration
1061,juan perez,2026-02-12,364,Yes,Layer 2
1062,Pedro Marmol,26/01/2026,136,y,Layer 1
1063,MARIA LOPEZ,2026/01/24,234,N,Configuration
1064,juan perez,2026-01-25,444,y,Layer 1
1065,luis torres,27/01/2026,474,Yes,Software
1066,MARIA LOPEZ,2026-02-01,-40,0,Software
1067,Pedro Marmol,28/01/2026,235,Yes,Layer 1
1068,juan perez,2026-02-15,333,0,Layer 1
1069,Pedro Marmol,09/02/2026,-11,0,Configuration
1070,MARIA LOPEZ,30/01/2026,164,S,Configuration
1071,luis torres,2026/01/25,300,N,Layer 2
1072,Pedro Marmol,2026/01/25,47,Yes,Software
1073,Pedro Marmol,02-09-26,70,0,Configuration
1074,juan perez,2026-02-10,274,y,Layer 1
1075,juan perez,01-24-26,251,S,Configuration
1076,Ana Silva,2026-01-21,32,Yes,Software
1077,juan perez,2026/02/13,-30,Yes,Layer 2
1078,juan perez,29/01/2026,42,Yes,Layer 1
1079,Pedro Marmol,03/02/2026,29,N,Configuration
1080,Pedro Marmol,2026-02-06,319,1,Layer 2
1081,MARIA LOPEZ,12/02/2026,238,0,Configuration
1082,Pedro Marmol,01-23-26,430,y,Layer 2
1083,luis torres,11/02/2026,-39,N,Layer 2
1084,juan perez,2026/02/03,304,0,Layer 2
1085,Pedro Marmol,20/01/2026,282,No,Layer 2
1086,Pedro Marmol,13/02/2026,-18,1,Software
1087,MARIA LOPEZ,2026-02-11,226,S,Layer 2
1088,Ana Silva,12/02/2026,147,No,Layer 2
1089,juan perez,2026/01/31,317,S,Software
1090,  carlos ruiz,14/02/2026,355,0,Layer 2
1091,Ana Silva,2026/02/11,147,0,Layer 2
1092,Ana Silva,02-04-26,105,Yes,Layer 1
1093,juan perez,03/02/2026,60,N,Configuration
1094,juan perez,02-09-26,-28,y,Layer 2
1095,juan perez,2026/02/02,42,1,Configuration
1096,MARIA LOPEZ,2026-02-14,-23,0,Layer 1
1097,Pedro Marmol,01-27-26,299,S,Layer 1
1098,MARIA LOPEZ,02-13-26,414,S,Layer 1
1099,luis torres,2026-02-07,140,N,Configuration
1100,  carlos ruiz,2026-02-05,-55,Yes,Layer 2
1101,juan perez,02-14-26,-52,S,Layer 2
1102,MARIA LOPEZ,07/02/2026,-52,y,Configuration
1103,luis torres,2026/02/10,347,No,Software
1104,Pedro Marmol,25/01/2026,112,0,Layer 2
1105,  carlos ruiz,01-21-26,-66,y,Layer 1
1106,luis torres,22/01/2026,-96,Yes,Software
1107,luis torres,13/02/2026,-70,y,Software
1108,juan perez,2026/01/19,335,No,Layer 2
1109,Ana Silva,08/02/2026,119,No,Software
1110,Ana Silva,01-20-26,306,N,Layer 1
1111,Pedro Marmol,02-12-26,240,N,Layer 2
1112,  carlos ruiz,01-25-26,240,y,Layer 2
1113,juan perez,02-14-26,-16,0,Software
1114,Pedro Marmol,2026/01/21,-36,0,Software
1115,MARIA LOPEZ,2026-01-31,403,No,Layer 2
1116,Pedro Marmol,08/02/2026,425,No,Software
1117,juan perez,02-15-26,-32,1,Software
1118,luis torres,2026/01/24,310,No,Software
1119,Ana Silva,2026-01-23,336,N,Software
1120,Pedro Marmol,02-12-26,4,y,Layer 1
1121,  carlos ruiz,08/02/2026,-11,No,Layer 1
1122,juan perez,2026-01-18,-72,1,Layer 1
1123,Pedro Marmol,2026/02/04,93,No,Layer 1
1124,MARIA LOPEZ,15/02/2026,-38,Yes,Software
1125,luis torres,2026-01-18,18,0,Layer 2
1126,Ana Silva,09/02/2026,500,N,Configuration
1127,luis torres,2026/01/31,31,No,Layer 2
1128,  carlos ruiz,24/01/2026,458,No,Layer 1
1129,Pedro Marmol,01/02/2026,319,0,Software
1130,Ana Silva,23/01/2026,-67,y,Configuration
1131,luis torres,2026/01/24,53,y,Configuration
1132,Pedro Marmol,2026-01-18,48,N,Configuration
1133,Ana Silva,15/02/2026,288,Yes,Configuration
1134,juan perez,23/01/2026,215,y,Software
1135,Pedro Marmol,31/01/2026,472,No,Layer 1
1136,Ana Silva,2026-01-30,170,1,Configuration
1137,luis torres,2026-01-18,274,0,Layer 1
1138,MARIA LOPEZ,2026-01-24,112,1,Configuration
1139,Ana Silva,26/01/2026,337,y,Layer 2
1140,MARIA LOPEZ,2026-02-09,278,S,Layer 2
1141,luis torres,01/02/2026,354,No,Configuration
1142,luis torres,2026/01/30,255,No,Layer 1
1143,  carlos ruiz,23/01/2026,59,1,Layer 1
1144,luis torres,2026/02/05,-58,No,Configuration
1145,luis torres,2026-02-10,481,1,Software
1146,luis torres,2026/02/13,250,0,Software
1147,luis torres,2026-01-19,437,N,Configuration
1148,  carlos ruiz,01/02/2026,184,S,Configuration
1149,luis torres,02-02-26,361,0,Software
1150,  carlos ruiz,2026/02/13,489,1,Configuration
1151,Pedro Marmol,2026/02/08,217,0,Layer 1
1152,Pedro Marmol,15/02/2026,253,1,Configuration
1153,  carlos ruiz,01/02/2026,121,1,Configuration
1154,luis torres,2026-01-17,246,N,Layer 2
1155,  carlos ruiz,21/01/2026,461,N,Layer 2
1156,luis torres,02-05-26,344,y,Software
1157,MARIA LOPEZ,2026/02/10,13,N,Configuration
1158,juan perez,2026/01/30,484,y,Configuration
1159,juan perez,2026/02/03,293,S,Configuration
1160,  carlos ruiz,2026-01-26,-54,S,Layer 2
1161,luis torres,2026-02-01,364,1,Configuration
1162,juan perez,02-16-26,273,No,Software
1163,Pedro Marmol,09/02/2026,94,S,Layer 1
1164,luis torres,23/01/2026,163,y,Layer 2
1165,luis torres,12/02/2026,415,No,Layer 1
1166,juan perez,2026/01/21,463,y,Configuration
1167,MARIA LOPEZ,01-29-26,286,S,Layer 1
1168,Ana Silva,01-29-26,192,y,Layer 1
1169,Pedro Marmol,02-12-26,419,1,Configuration
1170,luis torres,2026-02-03,-11,N,Layer 1
1171,juan perez,2026-02-01,49,N,Software
1172,Pedro Marmol,2026-01-25,253,y,Layer 1
1173,Ana Silva,2026/02/05,141,y,Layer 2
1174,Ana Silva,02-15-26,28,Yes,Layer 1
1175,  carlos ruiz,02-10-26,296,0,Configuration
1176,juan perez,02-08-26,173,S,Layer 2
1177,juan perez,02-16-26,488,0,Software
1178,MARIA LOPEZ,2026-01-31,199,No,Configuration
1179,Pedro Marmol,29/01/2026,-16,y,Software
1180,Ana Silva,02-04-26,-89,1,Configuration
1181,MARIA LOPEZ,2026/01/25,-72,Yes,Configuration
1182,Ana Silva,2026-02-11,251,1,Layer 2
1183,MARIA LOPEZ,2026-02-14,-18,y,Software
1184,Ana Silva,2026/02/13,433,No,Layer 1
1185,luis torres,2026/02/10,400,N,Configuration
1186,MARIA LOPEZ,01-24-26,-7,S,Software
1187,juan perez,25/01/2026,266,No,Layer 1
1188,Pedro Marmol,2026-02-06,29,y,Configuration
1189,  carlos ruiz,10/02/2026,212,No,Configuration
1190,  carlos ruiz,05/02/2026,332,0,Layer 1
1191,luis torres,29/01/2026,-100,N,Layer 2
1192,Pedro Marmol,2026-01-22,471,No,Software
1193,Pedro Marmol,02-15-26,235,0,Software
1194,juan perez,02-16-26,426,Yes,Configuration
1195,juan perez,04/02/2026,449,S,Layer 2
1196,  carlos ruiz,01-23-26,198,1,Layer 1
1197,  carlos ruiz,02-16-26,54,S,Layer 2
1198,Ana Silva,2026-02-05,32,y,Software
1199,Ana Silva,01-25-26,-58,y,Layer 1
1200,juan perez,02-14-26,339,No,Software
1201,juan perez,01-26-26,374,y,Configuration
1202,MARIA LOPEZ,2026-02-04,184,0,Software
1203,  carlos ruiz,26/01/2026,128,S,Software
1204,  carlos ruiz,2026/01/22,403,No,Software
1205,Pedro Marmol,02-09-26,262,Yes,Layer 2
1206,Ana Silva,05/02/2026,-79,S,Software
1207,Ana Silva,2026/02/14,79,1,Layer 2
1208,MARIA LOPEZ,2026-02-02,286,No,Layer 2
1209,Ana Silva,2026/02/11,126,1,Layer 2
1210,luis torres,01/02/2026,414,N,Configuration
1211,  carlos ruiz,30/01/2026,257,N,Software
1212,Ana Silva,2026-01-24,257,1,Layer 1
1213,MARIA LOPEZ,06/02/2026,318,Yes,Configuration
1214,Ana Silva,2026/01/18,389,N,Configuration
1215,luis torres,2026-01-29,412,Yes,Layer 1
1216,luis torres,02-06-26,422,1,Layer 2
1217,Pedro Marmol,02-12-26,300,S,Software
1218,  carlos ruiz,2026-01-31,174,1,Layer 1
1219,MARIA LOPEZ,10/02/2026,308,S,Layer 1
1220,Pedro Marmol,2026-01-18,351,y,Software
1221,MARIA LOPEZ,18/01/2026,108,S,Layer 2
1222,MARIA LOPEZ,02-13-26,421,0,Layer 1
1223,Ana Silva,01-18-26,235,y,Layer 2
1224,MARIA LOPEZ,02-16-26,53,N,Layer 1
1225,MARIA LOPEZ,2026/01/19,-11,0,Layer 1
1226,Ana Silva,2026-02-14,132,No,Layer 1
1227,juan perez,2026/02/03,357,No,Layer 2
1228,Pedro Marmol,04/02/2026,459,1,Layer 1
1229,luis torres,01-29-26,-19,1,Layer 2
1230,  carlos ruiz,11/02/2026,244,No,Configuration
1231,Ana Silva,02-10-26,-32,1,Layer 1
1232,Pedro Marmol,2026-01-27,440,Yes,Layer 2
1233,Ana Silva,2026/01/29,348,y,Configuration
1234,Ana Silva,02-04-26,340,No,Layer 1
1235,Ana Silva,02-13-26,481,Yes,Software
1236,luis torres,15/02/2026,-63,No,Configuration
1237,luis torres,02-02-26,139,N,Layer 1
1238,juan perez,2026-01-29,-5,Yes,Configuration
1239,luis torres,2026-01-27,71,0,Configuration
1240,Pedro Marmol,2026/01/28,293,0,Layer 1
1241,luis torres,27/01/2026,285,y,Software
1242,luis torres,02-14-26,260,Yes,Configuration
1243,  carlos ruiz,02-14-26,92,S,Software
1244,Pedro Marmol,23/01/2026,459,y,Configuration
1245,MARIA LOPEZ,11/02/2026,270,S,Configuration
1246,juan perez,2026-01-26,155,y,Configuration
1247,MARIA LOPEZ,2026/02/03,376,Yes,Layer 1
1248,juan perez,09/02/2026,397,y,Configuration
1249,juan perez,2026/01/17,156,1,Software
1250,luis torres,02-01-26,154,0,Layer 2
1251,MARIA LOPEZ,2026-01-26,434,N,Software
1252,juan perez,2026/01/30,194,y,Configuration
1253,juan perez,2026-02-11,152,1,Layer 1
1254,juan perez,12/02/2026,86,Yes,Configuration
1255,MARIA LOPEZ,01-26-26,414,N,Layer 2
1256,  carlos ruiz,2026/01/25,190,S,Configuration
1257,  carlos ruiz,23/01/2026,395,S,Layer 1
1258,MARIA LOPEZ,18/01/2026,151,1,Configuration
1259,Pedro Marmol,2026-02-15,140,y,Configuration
1260,Ana Silva,2026-02-04,236,y,Software
1261,luis torres,2026-02-13,53,S,Configuration
1262,luis torres,2026-01-29,182,y,Layer 2
1263,luis torres,2026/01/23,140,N,Layer 2
1264,juan perez,2026-01-20,441,Yes,Layer 2
1265,  carlos ruiz,09/02/2026,255,Yes,Software
1266,  carlos ruiz,2026-02-10,110,No,Software
1267,  carlos ruiz,01-27-26,434,N,Software
1268,juan perez,2026/01/30,183,y,Configuration
1269,Ana Silva,11/02/2026,-32,No,Configuration
1270,juan perez,2026/02/08,96,0,Layer 2
1271,MARIA LOPEZ,02/02/2026,-100,1,Software
1272,  carlos ruiz,02-05-26,325,y,Software
1273,MARIA LOPEZ,01-27-26,175,N,Software
1274,Pedro Marmol,2026/01/28,377,0,Configuration
1275,luis torres,01-19-26,211,y,Layer 1
1276,  carlos ruiz,2026/02/10,-30,0,Layer 2
1277,Ana Silva,16/02/2026,107,S,Configuration
1278,Ana Silva,2026/02/07,218,y,Configuration
1279,  carlos ruiz,01-20-26,45,S,Layer 1
1280,  carlos ruiz,2026/02/15,310,1,Layer 1
1281,luis torres,2026/01/23,414,S,Layer 1
1282,juan perez,01-29-26,328,S,Configuration
1283,  carlos ruiz,2026-02-08,381,S,Layer 1
1284,luis torres,2026-02-07,464,y,Layer 2
1285,Pedro Marmol,02-03-26,336,y,Software
1286,  carlos ruiz,2026/01/30,93,S,Configuration
1287,Pedro Marmol,01-27-26,56,S,Layer 1
1288,  carlos ruiz,02-09-26,437,y,Software
1289,juan perez,2026-02-10,-27,Yes,Layer 2
1290,Ana Silva,2026/02/01,67,Yes,Layer 1
1291,Pedro Marmol,01-24-26,-67,Yes,Layer 2
1292,Ana Silva,18/01/2026,408,Yes,Software
1293,Ana Silva,01-23-26,315,y,Layer 2
1294,juan perez,01-29-26,167,Yes,Layer 1
1295,Ana Silva,2026/01/21,328,Yes,Software
1296,MARIA LOPEZ,09/02/2026,-75,y,Layer 2
1297,luis torres,01-29-26,486,y,Layer 2
1298,luis torres,2026-02-12,221,No,Software
1299,luis torres,01-24-26,192,N,Layer 2
1300,MARIA LOPEZ,14/02/2026,211,N,Layer 2
1301,MARIA LOPEZ,02-16-26,284,No,Software
1302,luis torres,2026-01-30,453,0,Layer 1
1303,luis torres,2026/02/05,-100,y,Layer 2
1304,juan perez,2026/02/16,153,S,Software
1305,luis torres,01-30-26,163,S,Software
1306,Ana Silva,2026-01-31,305,Yes,Configuration
1307,juan perez,01-26-26,394,0,Layer 2
1308,Ana Silva,01-30-26,223,S,Layer 1
1309,juan perez,01-24-26,118,No,Software
1310,  carlos ruiz,2026/01/20,308,0,Layer 1
1311,Pedro Marmol,2026-02-14,331,1,Software
1312,juan perez,2026/02/15,24,No,Configuration
1313,luis torres,02-16-26,151,1,Layer 1
1314,luis torres,02-10-26,-82,S,Software
1315,juan perez,31/01/2026,307,1,Layer 1
1316,juan perez,2026-02-08,396,S,Software
1317,juan perez,01-31-26,-66,y,Layer 1
1318,MARIA LOPEZ,2026-02-06,17,S,Layer 1
1319,Ana Silva,02-11-26,391,0,Layer 2
1320,luis torres,19/01/2026,223,y,Software
1321,luis torres,01-28-26,-67,S,Software
1322,  carlos ruiz,08/02/2026,353,N,Layer 1
1323,Ana Silva,08/02/2026,305,1,Software
1324,juan perez,10/02/2026,253,y,Layer 1
1325,MARIA LOPEZ,2026/02/04,-23,1,Configuration
1326,luis torres,2026/01/29,189,0,Software
1327,MARIA LOPEZ,01-27-26,353,1,Layer 1
1328,juan perez,2026/02/03,425,Yes,Software
1329,luis torres,2026-01-29,300,0,Configuration
1330,luis torres,02-16-26,273,S,Configuration
1331,MARIA LOPEZ,02-06-26,419,S,Layer 2
1332,Pedro Marmol,2026-01-18,472,y,Layer 2
1333,MARIA LOPEZ,02-11-26,285,N,Layer 1
1334,Pedro Marmol,2026-02-02,117,No,Layer 2
1335,juan perez,08/02/2026,457,1,Layer 1
1336,luis torres,23/01/2026,8,y,Layer 1
1337,  carlos ruiz,28/01/2026,409,N,Software
1338,luis torres,04/02/2026,403,y,Configuration
1339,  carlos ruiz,2026-02-16,484,No,Configuration
1340,Pedro Marmol,2026/01/29,118,0,Layer 1
1341,MARIA LOPEZ,2026-01-23,465,y,Configuration
1342,MARIA LOPEZ,22/01/2026,410,S,Software
1343,luis torres,02-14-26,-93,Yes,Configuration
1344,juan perez,2026/01/30,-93,y,Software
1345,luis torres,01-17-26,-27,No,Software
1346,MARIA LOPEZ,28/01/2026,301,S,Software
1347,Ana Silva,2026-02-02,25,N,Configuration
1348,juan perez,2026-01-24,221,0,Software
1349,  carlos ruiz,04/02/2026,453,N,Software
1350,luis torres,2026-02-09,166,y,Layer 2
1351,  carlos ruiz,2026-01-26,234,S,Layer 1
1352,  carlos ruiz,2026/02/13,456,S,Layer 1
1353,  carlos ruiz,01/02/2026,17,Yes,Configuration
1354,MARIA LOPEZ,28/01/2026,338,No,Software
1355,MARIA LOPEZ,25/01/2026,242,S,Layer 2
1356,  carlos ruiz,01-25-26,249,1,Layer 2
1357,  carlos ruiz,2026-02-01,409,Yes,Layer 2
1358,luis torres,01-27-26,9,1,Configuration
1359,luis torres,02-07-26,228,1,Configuration
1360,  carlos ruiz,2026-01-22,401,y,Layer 2
1361,MARIA LOPEZ,17/01/2026,159,Yes,Layer 2
1362,luis torres,27/01/2026,32,1,Layer 1
1363,Ana Silva,01-23-26,-68,S,Software
1364,  carlos ruiz,2026/02/01,421,0,Software
1365,  carlos ruiz,2026/02/08,330,S,Layer 1
1366,juan perez,2026/01/25,-41,Yes,Configuration
1367,Pedro Marmol,01-23-26,341,0,Configuration
1368,juan perez,2026/01/25,-24,1,Layer 2
1369,Pedro Marmol,2026-02-02,-59,1,Software
1370,MARIA LOPEZ,06/02/2026,432,S,Layer 1
1371,Pedro Marmol,2026-02-08,165,N,Layer 2
1372,luis torres,01-22-26,36,Yes,Configuration
1373,MARIA LOPEZ,13/02/2026,-98,No,Configuration
1374,Ana Silva,2026-01-31,293,No,Configuration
1375,MARIA LOPEZ,02-14-26,389,y,Software
1376,Ana Silva,01-25-26,83,No,Layer 2
1377,  carlos ruiz,2026-01-26,155,1,Layer 1
1378,Pedro Marmol,01-27-26,244,S,Software
1379,juan perez,05/02/2026,394,0,Layer 2
1380,Pedro Marmol,16/02/2026,78,No,Software
1381,MARIA LOPEZ,2026-02-16,-43,1,Layer 2
1382,Ana Silva,18/01/2026,338,Yes,Layer 2
1383,luis torres,04/02/2026,3,S,Configuration
1384,Pedro Marmol,26/01/2026,-59,1,Configuration
1385,MARIA LOPEZ,2026-02-08,54,No,Layer 2
1386,Pedro Marmol,04/02/2026,301,1,Configuration
1387,MARIA LOPEZ,2026-02-05,199,S,Layer 2
1388,Ana Silva,26/01/2026,108,1,Configuration
1389,Pedro Marmol,01-26-26,58,Yes,Layer 2
1390,juan perez,2026/01/20,325,1,Layer 1
1391,MARIA LOPEZ,2026/02/04,474,1,Software
1392,  carlos ruiz,11/02/2026,500,0,Configuration
1393,  carlos ruiz,02/02/2026,-64,Yes,Software
1394,MARIA LOPEZ,02-03-26,167,No,Layer 2
1395,juan perez,2026-02-09,412,1,Configuration
1396,  carlos ruiz,2026-02-13,451,0,Layer 1
1397,  carlos ruiz,2026/01/20,29,N,Configuration
1398,MARIA LOPEZ,01-30-26,174,y,Layer 1
1399,juan perez,09/02/2026,133,1,Layer 2
1400,MARIA LOPEZ,2026/01/20,138,N,Configuration
1401,luis torres,2026/02/12,-49,No,Configuration
1402,luis torres,2026/01/25,30,y,Configuration
1403,Pedro Marmol,02-10-26,351,1,Software
1404,juan perez,2026-01-30,168,Yes,Layer 1
1405,luis torres,29/01/2026,431,1,Configuration
1406,Ana Silva,01-26-26,304,No,Configuration
1407,Pedro Marmol,02-04-26,81,No,Software
1408,Pedro Marmol,01-28-26,10,1,Layer 2
1409,  carlos ruiz,2026-02-07,-14,N,Software
1410,Pedro Marmol,01-26-26,455,N,Layer 2
1411,Ana Silva,02-14-26,169,S,Layer 2
1412,  carlos ruiz,2026/01/25,339,Yes,Software
1413,MARIA LOPEZ,05/02/2026,303,No,Layer 1
1414,luis torres,01-30-26,-38,y,Configuration
1415,Pedro Marmol,2026-02-14,127,S,Layer 2
1416,Pedro Marmol,2026/02/12,115,S,Software
1417,Pedro Marmol,01-22-26,79,Yes,Software
1418,luis torres,2026/01/20,272,1,Software
1419,Pedro Marmol,01-27-26,-96,Yes,Layer 2
1420,MARIA LOPEZ,03/02/2026,470,y,Layer 2
1421,  carlos ruiz,08/02/2026,-91,0,Configuration
1422,Ana Silva,2026/02/12,144,Yes,Layer 1
1423,Ana Silva,09/02/2026,443,N,Configuration
1424,juan perez,2026/01/22,-48,y,Layer 2
1425,Pedro Marmol,01-26-26,188,Yes,Layer 1
1426,juan perez,2026/02/09,271,No,Layer 1
1427,luis torres,2026-01-28,418,S,Configuration
1428,MARIA LOPEZ,2026-02-02,467,1,Configuration
1429,juan perez,2026/02/15,414,y,Software
1430,Ana Silva,2026-02-14,272,1,Layer 1
1431,  carlos ruiz,10/02/2026,-63,Yes,Layer 1
1432,MARIA LOPEZ,2026/01/17,266,Yes,Layer 1
1433,Ana Silva,2026/02/10,47,0,Software
1434,MARIA LOPEZ,2026/02/13,273,1,Software
1435,MARIA LOPEZ,30/01/2026,430,0,Configuration
1436,MARIA LOPEZ,01-25-26,-26,N,Configuration
1437,MARIA LOPEZ,2026/01/19,491,0,Layer 2
1438,juan perez,2026-01-30,352,Yes,Configuration
1439,luis torres,02-08-26,-93,1,Configuration
1440,  carlos ruiz,2026/01/27,43,1,Layer 1
1441,Pedro Marmol,2026-01-26,110,y,Layer 2
1442,Pedro Marmol,01-18-26,423,No,Software
1443,luis torres,2026-02-10,87,y,Layer 1
1444,MARIA LOPEZ,01-20-26,38,y,Configuration
1445,Ana Silva,01-28-26,74,No,Software
1446,luis torres,2026/01/27,-76,No,Layer 1
1447,Pedro Marmol,01-17-26,358,y,Software
1448,Pedro Marmol,01-17-26,467,y,Layer 2
1449,juan perez,2026-01-20,213,S,Configuration
1450,Pedro Marmol,2026-02-12,154,N,Layer 2
1451,  carlos ruiz,2026/01/18,412,0,Layer 1
1452,MARIA LOPEZ,2026/02/07,466,1,Software
1453,Pedro Marmol,01-21-26,5,No,Layer 1
1454,  carlos ruiz,2026/02/13,8,1,Configuration
1455,luis torres,2026/02/06,-22,0,Layer 1
1456,luis torres,2026/02/14,421,No,Software
1457,luis torres,2026-02-01,142,1,Software
1458,Pedro Marmol,15/02/2026,326,S,Software
1459,MARIA LOPEZ,2026/01/17,108,y,Software
1460,juan perez,12/02/2026,289,No,Layer 2
1461,  carlos ruiz,01-24-26,248,N,Layer 1
1462,  carlos ruiz,01-22-26,-75,N,Configuration
1463,Pedro Marmol,01-28-26,88,y,Software
1464,juan perez,2026-02-06,363,N,Layer 2
1465,luis torres,19/01/2026,399,0,Layer 2
1466,  carlos ruiz,13/02/2026,374,0,Software
1467,Ana Silva,2026/02/14,-100,y,Layer 2
1468,juan perez,29/01/2026,111,N,Layer 2
1469,Pedro Marmol,02-05-26,284,N,Layer 2
1470,luis torres,2026/02/02,476,S,Configuration
1471,  carlos ruiz,2026-01-29,472,No,Layer 1
1472,  carlos ruiz,02-11-26,-59,S,Layer 2
1473,Ana Silva,2026/01/24,-80,S,Configuration
1474,MARIA LOPEZ,01-28-26,-77,0,Configuration
1475,Ana Silva,01-20-26,-69,S,Layer 2
1476,MARIA LOPEZ,2026-02-03,115,No,Software
1477,juan perez,15/02/2026,85,y,Software
1478,  carlos ruiz,2026/01/19,337,0,Layer 1
1479,MARIA LOPEZ,01-31-26,381,Yes,Layer 2
1480,Ana Silva,2026-02-05,183,No,Layer 1
1481,MARIA LOPEZ,01-30-26,-52,1,Software
1482,Ana Silva,2026/02/12,255,S,Layer 1
1483,luis torres,2026/02/06,-41,S,Software
1484,  carlos ruiz,2026/01/30,289,0,Layer 1
1485,luis torres,01-18-26,222,0,Layer 1
1486,  carlos ruiz,01-27-26,301,0,Configuration
1487,  carlos ruiz,2026-01-22,231,0,Software
1488,Ana Silva,2026-02-01,-30,Yes,Layer 1
1489,Ana Silva,2026/02/15,293,Yes,Layer 2
1490,MARIA LOPEZ,2026-01-20,-86,Yes,Layer 2
1491,MARIA LOPEZ,2026-01-24,426,S,Configuration
1492,Pedro Marmol,2026-01-22,-55,1,Layer 2
1493,MARIA LOPEZ,21/01/2026,212,Yes,Configuration
1494,juan perez,01-27-26,142,N,Configuration
1495,MARIA LOPEZ,2026/01/18,489,0,Layer 1
1496,luis torres,2026-02-04,73,Yes,Layer 2
1497,luis torres,23/01/2026,228,No,Layer 2
1498,Pedro Marmol,2026-02-16,297,1,Configuration
1499,MARIA LOPEZ,2026-02-03,441,No,Software
1500,luis torres,2026-02-03,143,S,Layer 2
1501,  carlos ruiz,07/02/2026,17,S,Layer 1
1502,juan perez,11/02/2026,83,N,Layer 2
1503,MARIA LOPEZ,2026-02-05,155,No,Layer 1
1504,MARIA LOPEZ,03/02/2026,-96,N,Layer 2
1505,juan perez,02-13-26,-25,1,Software
1506,  carlos ruiz,02-03-26,110,0,Software
1507,luis torres,02-02-26,479,No,Layer 1
1508,  carlos ruiz,2026-02-06,68,No,Layer 1
1509,juan perez,2026-02-03,103,Yes,Layer 2
1510,  carlos ruiz,02-05-26,442,0,Configuration
1511,  carlos ruiz,02/02/2026,305,Yes,Layer 1
1512,Ana Silva,02-13-26,275,1,Layer 2
1513,Ana Silva,01-19-26,280,S,Software
1514,luis torres,02-05-26,3,0,Layer 2
1515,MARIA LOPEZ,02-03-26,108,1,Software
1516,MARIA LOPEZ,15/02/2026,349,N,Software
1517,juan perez,2026/01/30,38,S,Layer 1
1518,  carlos ruiz,2026/01/26,211,1,Configuration
1519,MARIA LOPEZ,02-08-26,356,1,Layer 1
1520,luis torres,2026-02-12,167,N,Layer 1
1521,Pedro Marmol,22/01/2026,83,S,Layer 2
1522,MARIA LOPEZ,2026/01/22,-92,Yes,Configuration
1523,  carlos ruiz,06/02/2026,460,N,Layer 2
1524,luis torres,16/02/2026,361,y,Configuration
1525,Ana Silva,01-26-26,123,0,Configuration
1526,  carlos ruiz,02-02-26,23,No,Layer 1
1527,  carlos ruiz,2026-01-29,242,N,Software
1528,Ana Silva,2026-02-15,224,y,Software
1529,Ana Silva,2026/02/11,240,y,Layer 1
1530,luis torres,2026/01/23,368,y,Layer 2
1531,Ana Silva,2026-01-28,96,S,Software
1532,Ana Silva,2026/01/17,415,Yes,Configuration
1533,Ana Silva,04/02/2026,-87,y,Layer 1
1534,  carlos ruiz,2026-02-05,27,N,Configuration
1535,luis torres,2026/01/30,192,0,Layer 2
1536,MARIA LOPEZ,2026-01-31,477,1,Configuration
1537,MARIA LOPEZ,2026-02-12,-25,1,Layer 1
1538,Pedro Marmol,2026-02-07,7,N,Configuration
1539,MARIA LOPEZ,20/01/2026,320,N,Layer 2
1540,juan perez,12/02/2026,162,y,Software
1541,  carlos ruiz,2026/02/05,135,N,Layer 2
1542,Ana Silva,2026/01/27,466,0,Software
1543,luis torres,2026/02/01,330,No,Configuration
1544,MARIA LOPEZ,01-29-26,267,N,Software
1545,Pedro Marmol,13/02/2026,137,0,Software
1546,Pedro Marmol,2026/01/25,-58,N,Configuration
1547,  carlos ruiz,29/01/2026,97,0,Layer 1
1548,juan perez,02-06-26,-10,No,Layer 1
1549,Pedro Marmol,16/02/2026,203,S,Configuration
1550,luis torres,01-27-26,245,Yes,Layer 1
1551,Ana Silva,01-31-26,486,S,Software
1552,MARIA LOPEZ,2026-02-12,301,N,Layer 2
1553,luis torres,2026-01-31,316,Yes,Layer 1
1554,juan perez,02-15-26,362,N,Configuration
1555,  carlos ruiz,15/02/2026,32,y,Software
1556,Ana Silva,01-25-26,64,No,Configuration
1557,Ana Silva,18/01/2026,304,y,Software
1558,luis torres,2026-01-27,207,0,Layer 1
1559,  carlos ruiz,02-12-26,296,No,Configuration
1560,Pedro Marmol,2026/01/26,381,N,Configuration
1561,juan perez,01-24-26,268,S,Software
1562,Pedro Marmol,02-05-26,475,1,Software
1563,Pedro Marmol,2026-01-20,448,No,Layer 1
1564,Pedro Marmol,02-08-26,324,S,Layer 1
1565,  carlos ruiz,01-21-26,285,1,Layer 1
1566,luis torres,30/01/2026,187,N,Layer 1
1567,Ana Silva,2026/01/28,64,S,Configuration
1568,Ana Silva,01-21-26,30,No,Configuration
1569,Pedro Marmol,19/01/2026,260,0,Layer 2
1570,juan perez,2026/01/24,123,S,Layer 1
1571,luis torres,02-01-26,-94,Yes,Software
1572,luis torres,2026-01-28,224,1,Software
1573,juan perez,2026/02/12,-95,N,Software
1574,luis torres,01-23-26,-78,y,Layer 2
1575,juan perez,22/01/2026,390,y,Configuration
1576,luis torres,2026/01/20,63,No,Layer 2
1577,MARIA LOPEZ,02-08-26,235,1,Configuration
1578,MARIA LOPEZ,01-18-26,-23,No,Layer 1
1579,juan perez,02-01-26,218,y,Layer 1
1580,luis torres,2026/01/18,386,0,Layer 1
1581,Ana Silva,2026/01/17,-46,No,Configuration
1582,Pedro Marmol,17/01/2026,46,1,Configuration
1583,Ana Silva,2026/01/29,-73,N,Configuration
1584,Ana Silva,02-04-26,311,No,Software
1585,Ana Silva,01-29-26,-90,0,Layer 2
1586,MARIA LOPEZ,01-19-26,-43,y,Software
1587,MARIA LOPEZ,2026-01-25,123,No,Configuration
1588,  carlos ruiz,02-05-26,84,N,Layer 1
1589,juan perez,28/01/2026,243,Yes,Software
1590,juan perez,2026/02/07,448,y,Software
1591,Ana Silva,01-27-26,50,Yes,Software
1592,luis torres,2026/02/12,-82,No,Layer 2
1593,Ana Silva,28/01/2026,117,No,Software
1594,Ana Silva,02-12-26,86,1,Layer 2
1595,MARIA LOPEZ,01-23-26,361,S,Layer 2
1596,Pedro Marmol,2026/01/22,438,N,Layer 2
1597,MARIA LOPEZ,04/02/2026,41,y,Layer 2
1598,  carlos ruiz,2026-02-01,24,Yes,Software
1599,juan perez,02-08-26,361,No,Software
1600,MARIA LOPEZ,2026/01/20,163,No,Layer 2
1601,juan perez,2026/02/01,172,Yes,Layer 2
1602,Pedro Marmol,2026-02-13,142,1,Layer 2
1603,juan perez,07/02/2026,353,Yes,Configuration
1604,MARIA LOPEZ,02-01-26,347,0,Configuration
1605,Ana Silva,2026-01-30,150,N,Layer 2
1606,juan perez,31/01/2026,-70,Yes,Configuration
1607,juan perez,2026-01-30,411,S,Layer 2
1608,Pedro Marmol,2026/02/12,145,No,Software
1609,MARIA LOPEZ,31/01/2026,265,N,Layer 2
1610,luis torres,2026/01/24,-78,S,Software
1611,juan perez,2026/01/21,213,No,Layer 2
1612,luis torres,27/01/2026,-16,y,Layer 1
1613,luis torres,01-27-26,220,y,Layer 2
1614,juan perez,2026/01/23,140,y,Layer 2
1615,Pedro Marmol,2026-01-23,-17,y,Layer 2
1616,luis torres,2026-02-10,80,0,Configuration
1617,  carlos ruiz,01-26-26,240,No,Layer 1
1618,Pedro Marmol,2026-02-05,45,N,Layer 1
1619,MARIA LOPEZ,21/01/2026,237,y,Layer 2
1620,  carlos ruiz,2026-01-17,273,S,Software
1621,luis torres,2026-02-15,41,S,Configuration
1622,luis torres,22/01/2026,108,S,Layer 1
1623,luis torres,2026/01/19,294,1,Layer 2
1624,MARIA LOPEZ,2026-02-01,165,1,Layer 2
1625,Pedro Marmol,2026-01-26,122,S,Software
1626,MARIA LOPEZ,02-11-26,192,N,Layer 1
1627,Pedro Marmol,2026-01-19,368,No,Layer 2
1628,juan perez,07/02/2026,-58,1,Layer 2
1629,luis torres,2026/02/09,446,Yes,Layer 1
1630,  carlos ruiz,2026/02/08,189,S,Layer 2
1631,luis torres,02-09-26,200,Yes,Layer 1
1632,Pedro Marmol,2026/01/23,204,N,Layer 1
1633,Pedro Marmol,31/01/2026,174,y,Configuration
1634,Pedro Marmol,05/02/2026,-16,No,Layer 1
1635,  carlos ruiz,2026-01-24,-15,S,Configuration
1636,MARIA LOPEZ,2026-02-04,344,No,Configuration
1637,luis torres,2026-01-24,301,N,Layer 2
1638,juan perez,17/01/2026,190,Yes,Layer 1
1639,Pedro Marmol,02-09-26,129,1,Software
1640,luis torres,29/01/2026,342,N,Layer 2
1641,juan perez,27/01/2026,115,S,Layer 1
1642,Pedro Marmol,02-02-26,236,1,Configuration
1643,MARIA LOPEZ,2026/02/06,-69,S,Layer 1
1644,  carlos ruiz,07/02/2026,266,N,Layer 2
1645,juan perez,02-03-26,469,0,Software
1646,Ana Silva,01-29-26,275,N,Configuration
1647,juan perez,2026-01-30,286,S,Layer 2
1648,juan perez,2026/02/15,288,N,Layer 1
1649,juan perez,01-26-26,101,y,Configuration
1650,  carlos ruiz,26/01/2026,-25,N,Software
1651,juan perez,01-18-26,232,Yes,Layer 2
1652,juan perez,01-27-26,467,Yes,Software
1653,Pedro Marmol,2026-01-23,211,S,Configuration
1654,luis torres,18/01/2026,153,S,Layer 2
1655,  carlos ruiz,2026/01/18,188,Yes,Layer 1
1656,luis torres,09/02/2026,340,0,Layer 1
1657,juan perez,2026-02-01,132,Yes,Software
1658,Pedro Marmol,2026-01-22,492,N,Layer 2
1659,Ana Silva,01-21-26,73,0,Software
1660,MARIA LOPEZ,2026/01/31,-35,N,Software
1661,MARIA LOPEZ,2026/01/23,27,S,Configuration
1662,Pedro Marmol,02-10-26,388,0,Layer 2
1663,juan perez,01-25-26,289,Yes,Layer 2
1664,Pedro Marmol,2026/02/13,115,No,Layer 2
1665,luis torres,27/01/2026,22,Yes,Layer 1
1666,luis torres,22/01/2026,90,N,Software
1667,Pedro Marmol,2026/02/04,351,S,Layer 1
1668,MARIA LOPEZ,2026-02-11,335,y,Layer 1
1669,juan perez,2026/02/10,101,Yes,Layer 1
1670,luis torres,01-31-26,270,y,Layer 2
1671,juan perez,17/01/2026,232,No,Configuration
1672,Pedro Marmol,2026/01/27,393,0,Configuration
1673,luis torres,2026-01-28,488,0,Layer 1
1674,  carlos ruiz,01-31-26,315,1,Layer 2
1675,juan perez,2026/02/13,219,S,Configuration
1676,MARIA LOPEZ,2026-01-19,218,Yes,Configuration
1677,juan perez,2026-01-20,327,0,Software
1678,Pedro Marmol,2026-02-09,107,N,Layer 1
1679,Pedro Marmol,02-14-26,161,No,Layer 2
1680,luis torres,2026-01-25,292,S,Configuration
1681,juan perez,02-10-26,316,1,Layer 1
1682,Ana Silva,2026-01-24,-79,S,Layer 2
1683,Ana Silva,02-16-26,59,Yes,Software
1684,Pedro Marmol,01-31-26,249,Yes,Layer 2
1685,MARIA LOPEZ,2026-01-30,134,y,Configuration
1686,juan perez,01-24-26,-74,Yes,Layer 2
1687,luis torres,05/02/2026,236,Yes,Software
1688,juan perez,02-10-26,74,0,Layer 2
1689,MARIA LOPEZ,01-22-26,273,y,Configuration
1690,juan perez,2026/01/27,116,N,Layer 1
1691,  carlos ruiz,2026/02/10,441,0,Software
1692,juan perez,2026/01/26,405,0,Layer 2
1693,juan perez,2026/02/05,412,S,Layer 2
1694,MARIA LOPEZ,2026/01/21,-23,1,Software
1695,Pedro Marmol,2026/02/09,123,0,Layer 2
1696,luis torres,01-30-26,489,1,Software
1697,luis torres,2026/01/31,28,0,Configuration
1698,luis torres,2026-01-23,-18,N,Software
1699,MARIA LOPEZ,2026/01/20,-55,S,Configuration
1700,Ana Silva,12/02/2026,-36,0,Configuration
1701,  carlos ruiz,2026/01/19,178,N,Layer 1
1702,  carlos ruiz,02-13-26,-22,N,Configuration
1703,  carlos ruiz,2026-02-07,421,S,Layer 1
1704,MARIA LOPEZ,2026-01-27,317,No,Configuration
1705,Pedro Marmol,2026-01-23,329,1,Layer 2
1706,  carlos ruiz,02-04-26,-62,y,Layer 2
1707,Ana Silva,02-16-26,-50,1,Configuration
1708,Pedro Marmol,02-12-26,-19,No,Software
1709,juan perez,2026-02-15,16,S,Layer 2
1710,juan perez,30/01/2026,479,0,Layer 1
1711,Pedro Marmol,2026/02/15,-3,1,Layer 1
1712,MARIA LOPEZ,2026/02/08,221,N,Layer 1
1713,juan perez,02-05-26,472,0,Software
1714,juan perez,2026/02/03,60,1,Layer 1
1715,MARIA LOPEZ,02-16-26,416,Yes,Software
1716,MARIA LOPEZ,01-20-26,362,0,Layer 1
1717,juan perez,02-15-26,476,S,Layer 2
1718,  carlos ruiz,05/02/2026,264,0,Software
1719,luis torres,2026-01-26,203,N,Layer 1
1720,juan perez,2026-01-18,341,S,Layer 1
1721,  carlos ruiz,02-04-26,13,1,Configuration
1722,  carlos ruiz,06/02/2026,-95,No,Software
1723,MARIA LOPEZ,06/02/2026,484,0,Layer 1
1724,luis torres,2026-02-01,374,No,Configuration
1725,luis torres,01-17-26,340,S,Configuration
1726,juan perez,2026-02-09,320,1,Software
1727,  carlos ruiz,2026/01/31,38,No,Configuration
1728,MARIA LOPEZ,2026-02-09,500,y,Layer 1
1729,MARIA LOPEZ,2026-01-20,317,0,Configuration
1730,luis torres,2026-02-09,314,N,Layer 2
1731,luis torres,2026-02-01,295,0,Configuration
1732,MARIA LOPEZ,2026-02-04,128,0,Layer 2
1733,  carlos ruiz,2026/02/10,420,S,Layer 2
1734,juan perez,19/01/2026,-12,N,Configuration
1735,luis torres,2026/02/13,259,Yes,Layer 1
1736,juan perez,2026/02/12,35,0,Configuration
1737,Ana Silva,01-18-26,-58,0,Configuration
1738,luis torres,01-23-26,307,S,Layer 2
1739,  carlos ruiz,02-02-26,68,1,Configuration
1740,MARIA LOPEZ,2026-01-26,-19,y,Layer 2
1741,MARIA LOPEZ,02-09-26,64,Yes,Software
1742,MARIA LOPEZ,2026/01/24,-74,Yes,Layer 1
1743,luis torres,25/01/2026,242,Yes,Software
1744,juan perez,2026-01-20,294,N,Layer 1
1745,juan perez,02-16-26,76,y,Software
1746,MARIA LOPEZ,2026/01/21,170,1,Layer 1
1747,juan perez,01-17-26,-25,Yes,Layer 1
1748,luis torres,2026-02-07,285,y,Configuration
1749,Ana Silva,2026/02/13,325,Yes,Configuration
1750,  carlos ruiz,2026/01/28,328,Yes,Software
1751,Pedro Marmol,01-26-26,-44,1,Layer 1
1752,luis torres,07/02/2026,-88,N,Configuration
1753,  carlos ruiz,2026-01-31,354,S,Layer 1
1754,Ana Silva,2026-01-25,-21,N,Configuration
1755,Ana Silva,01-22-26,52,0,Configuration
1756,  carlos ruiz,2026-02-01,290,0,Configuration
1757,Ana Silva,2026-01-19,83,y,Software
1758,luis torres,2026/02/12,-54,y,Layer 2
1759,Pedro Marmol,2026-01-28,34,y,Layer 1
1760,  carlos ruiz,2026-02-03,341,No,Software
1761,juan perez,2026/02/07,148,Yes,Configuration
1762,juan perez,01-24-26,-3,No,Layer 1
1763,Pedro Marmol,2026-02-11,113,S,Software
1764,luis torres,30/01/2026,-100,N,Layer 1
1765,Ana Silva,01-27-26,92,0,Software
1766,Ana Silva,2026-02-14,314,0,Layer 1
1767,Ana Silva,2026-02-04,467,y,Configuration
1768,juan perez,09/02/2026,-15,0,Software
1769,Pedro Marmol,2026-01-21,332,1,Configuration
1770,luis torres,2026-02-11,353,y,Layer 1
1771,Pedro Marmol,2026/02/02,250,Yes,Configuration
1772,juan perez,2026/02/12,106,0,Layer 2
1773,luis torres,02-05-26,-40,y,Layer 2
1774,Ana Silva,2026-02-02,134,S,Layer 1
1775,juan perez,2026/01/22,111,N,Configuration
1776,Pedro Marmol,2026-02-01,-6,No,Configuration
1777,luis torres,2026-02-12,307,N,Layer 1
1778,Ana Silva,28/01/2026,88,No,Layer 1
1779,MARIA LOPEZ,06/02/2026,195,1,Layer 2
1780,juan perez,2026/01/17,337,No,Layer 2
1781,Pedro Marmol,02-10-26,-42,0,Layer 1
1782,Ana Silva,27/01/2026,251,No,Layer 2
1783,luis torres,01-30-26,143,N,Layer 2
1784,MARIA LOPEZ,2026/01/17,57,y,Configuration
1785,juan perez,02-13-26,292,N,Configuration
1786,Pedro Marmol,2026-02-02,357,S,Layer 1
1787,MARIA LOPEZ,2026-02-06,366,0,Configuration
1788,luis torres,07/02/2026,-32,y,Layer 2
1789,Pedro Marmol,2026/02/14,-83,1,Configuration
1790,Pedro Marmol,2026/01/27,228,Yes,Configuration
1791,luis torres,2026/01/19,56,N,Layer 1
1792,Pedro Marmol,2026/02/01,335,Yes,Configuration
1793,MARIA LOPEZ,01-31-26,183,Yes,Configuration
1794,juan perez,01-25-26,423,No,Configuration
1795,Ana Silva,2026/01/20,301,0,Layer 2
1796,juan perez,08/02/2026,293,N,Layer 2
1797,luis torres,16/02/2026,179,1,Software
1798,juan perez,21/01/2026,370,0,Layer 1
1799,  carlos ruiz,2026-01-19,472,0,Layer 1
1800,Ana Silva,2026/02/08,100,1,Configuration
1801,luis torres,02-16-26,98,1,Software
1802,juan perez,18/01/2026,157,1,Configuration
1803,Pedro Marmol,02-09-26,243,0,Software
1804,MARIA LOPEZ,01-30-26,129,N,Configuration
1805,MARIA LOPEZ,2026/01/18,138,Yes,Software
1806,juan perez,02-09-26,181,N,Layer 1
1807,MARIA LOPEZ,02-02-26,-26,y,Layer 2
1808,luis torres,2026/02/12,441,1,Layer 1
1809,  carlos ruiz,2026/01/29,106,0,Software
1810,Ana Silva,2026/01/28,88,y,Software
1811,MARIA LOPEZ,01-19-26,184,Yes,Layer 1
1812,juan perez,03/02/2026,272,0,Layer 2
1813,Ana Silva,02-07-26,307,Yes,Software
1814,luis torres,01-29-26,211,1,Software
1815,Ana Silva,02-07-26,240,1,Software
1816,  carlos ruiz,2026-01-28,-66,S,Layer 1
1817,  carlos ruiz,2026/01/19,120,N,Layer 2
1818,Ana Silva,21/01/2026,-78,0,Layer 2
1819,luis torres,2026-01-17,420,S,Software
1820,luis torres,2026-02-07,150,Yes,Layer 2
1821,luis torres,2026-02-06,307,y,Layer 2
1822,juan perez,01-17-26,450,No,Layer 1
1823,Ana Silva,02-10-26,101,No,Layer 2
1824,Pedro Marmol,02-01-26,163,S,Software
1825,Ana Silva,17/01/2026,29,0,Software
1826,MARIA LOPEZ,2026/01/20,68,N,Software
1827,luis torres,11/02/2026,498,N,Layer 2
1828,  carlos ruiz,2026/01/25,62,S,Layer 1
1829,Pedro Marmol,2026-02-03,-44,1,Layer 2
1830,luis torres,2026/01/29,382,Yes,Software
1831,Pedro Marmol,2026-01-26,166,S,Layer 2
1832,Pedro Marmol,2026/01/17,227,1,Software
1833,luis torres,02-16-26,2,0,Software
1834,juan perez,2026-02-14,-89,1,Layer 2
1835,luis torres,02/02/2026,289,1,Layer 1
1836,Pedro Marmol,01-19-26,237,No,Layer 1
1837,juan perez,2026-02-16,433,No,Software
1838,  carlos ruiz,2026/02/03,-41,y,Software
1839,luis torres,2026/01/20,365,N,Layer 2
1840,juan perez,2026/01/25,145,N,Configuration
1841,Ana Silva,2026-01-22,427,N,Layer 1
1842,luis torres,03/02/2026,-83,No,Software
1843,juan perez,2026-01-27,33,N,Layer 2
1844,Pedro Marmol,12/02/2026,288,S,Software
1845,Pedro Marmol,01-31-26,262,N,Layer 1
1846,Pedro Marmol,2026-02-10,312,1,Software
1847,Pedro Marmol,02-01-26,146,N,Layer 2
1848,MARIA LOPEZ,05/02/2026,-72,N,Software
1849,MARIA LOPEZ,2026/02/05,-41,S,Configuration
1850,MARIA LOPEZ,01-17-26,56,Yes,Layer 2
1851,Ana Silva,2026/01/28,454,N,Layer 2
1852,juan perez,02-13-26,331,N,Layer 2
1853,luis torres,2026/01/29,455,1,Layer 1
1854,Ana Silva,2026/02/01,315,Yes,Configuration
1855,luis torres,06/02/2026,55,0,Layer 1
1856,Ana Silva,2026-02-08,-68,Yes,Software
1857,juan perez,02-09-26,451,No,Layer 2
1858,Pedro Marmol,2026-02-11,260,Yes,Layer 2
1859,Pedro Marmol,2026-01-17,383,Yes,Layer 1
1860,luis torres,29/01/2026,339,Yes,Layer 1
1861,  carlos ruiz,2026-02-13,-34,N,Layer 2
1862,juan perez,14/02/2026,53,Yes,Layer 1
1863,Pedro Marmol,2026-02-13,305,N,Software
1864,  carlos ruiz,2026-01-29,185,N,Software
1865,luis torres,01-30-26,6,y,Layer 2
1866,luis torres,2026/02/08,423,N,Software
1867,juan perez,02-15-26,357,y,Layer 2
1868,MARIA LOPEZ,03/02/2026,107,1,Layer 1
1869,juan perez,2026/01/20,367,1,Layer 2
1870,Ana Silva,01/02/2026,292,1,Configuration
1871,luis torres,2026-01-20,266,No,Layer 1
1872,Pedro Marmol,2026/01/23,-54,y,Layer 2
1873,juan perez,13/02/2026,390,y,Configuration
1874,Pedro Marmol,2026/01/21,328,1,Layer 1
1875,Pedro Marmol,2026-02-13,116,Yes,Layer 2
1876,juan perez,2026/01/29,-67,Yes,Layer 2
1877,juan perez,2026/01/28,125,Yes,Layer 2
1878,  carlos ruiz,2026-02-11,398,No,Configuration
1879,  carlos ruiz,2026-02-16,300,S,Configuration
1880,Pedro Marmol,2026/01/21,138,0,Layer 2
1881,luis torres,01-20-26,205,N,Layer 2
1882,Pedro Marmol,2026-01-29,193,No,Software
1883,juan perez,2026/02/15,249,No,Configuration
1884,MARIA LOPEZ,31/01/2026,219,0,Layer 2
1885,juan perez,30/01/2026,410,N,Software
1886,juan perez,01-30-26,243,1,Configuration
1887,juan perez,12/02/2026,-27,0,Configuration
1888,Ana Silva,2026-01-17,56,y,Layer 2
1889,  carlos ruiz,2026/01/24,310,0,Software
1890,  carlos ruiz,01-26-26,-56,No,Software
1891,Ana Silva,2026-02-16,411,Yes,Software
1892,Pedro Marmol,02-06-26,397,No,Software
1893,Ana Silva,01-18-26,-83,S,Software
1894,Pedro Marmol,02-07-26,140,0,Software
1895,  carlos ruiz,2026-02-02,169,0,Layer 1
1896,  carlos ruiz,2026-02-04,-87,1,Layer 2
1897,  carlos ruiz,2026/01/23,451,0,Software
1898,  carlos ruiz,2026-01-30,-51,Yes,Layer 2
1899,Ana Silva,2026-02-16,453,S,Software
1900,Ana Silva,02-08-26,-79,S,Configuration
1901,MARIA LOPEZ,2026-02-10,7,S,Layer 1
1902,Ana Silva,02-08-26,372,S,Layer 2
1903,Ana Silva,2026/01/28,108,1,Layer 1
1904,juan perez,02-05-26,-18,1,Software
1905,MARIA LOPEZ,2026/02/04,77,No,Layer 1
1906,luis torres,2026/02/03,442,1,Layer 2
1907,Ana Silva,27/01/2026,375,Yes,Layer 2
1908,  carlos ruiz,28/01/2026,-30,N,Software
1909,luis torres,2026-02-02,39,S,Configuration
1910,Pedro Marmol,2026/02/13,43,y,Configuration
1911,luis torres,02-03-26,108,Yes,Software
1912,Pedro Marmol,2026/01/26,355,y,Software
1913,  carlos ruiz,2026-02-08,11,y,Software
1914,  carlos ruiz,2026/02/16,318,Yes,Configuration
1915,MARIA LOPEZ,2026-01-20,114,N,Configuration
1916,Ana Silva,2026/02/11,141,S,Software
1917,  carlos ruiz,2026-01-27,100,No,Configuration
1918,Ana Silva,14/02/2026,440,0,Layer 1
1919,  carlos ruiz,02-07-26,14,0,Configuration
1920,  carlos ruiz,14/02/2026,-50,N,Configuration
1921,Pedro Marmol,2026-01-23,30,N,Configuration
1922,Pedro Marmol,2026/01/17,464,0,Software
1923,  carlos ruiz,02-11-26,13,0,Software
1924,  carlos ruiz,02-03-26,32,Yes,Layer 2
1925,MARIA LOPEZ,02-05-26,-73,N,Layer 2
1926,Ana Silva,20/01/2026,187,y,Layer 2
1927,juan perez,2026/02/14,159,S,Layer 2
1928,juan perez,2026-02-16,419,No,Software
1929,juan perez,2026/01/26,-34,No,Configuration
1930,luis torres,2026-01-20,328,1,Layer 1
1931,MARIA LOPEZ,2026/02/07,281,S,Software
1932,Pedro Marmol,06/02/2026,14,S,Layer 1
1933,juan perez,01-26-26,456,1,Software
1934,  carlos ruiz,01-21-26,31,N,Software
1935,Pedro Marmol,2026/02/09,71,y,Layer 2
1936,Pedro Marmol,2026/02/02,71,Yes,Layer 1
1937,juan perez,02/02/2026,-61,S,Software
1938,juan perez,2026/01/20,295,S,Software
1939,  carlos ruiz,2026-01-30,85,No,Layer 1
1940,  carlos ruiz,01-18-26,-79,N,Layer 1
1941,Pedro Marmol,2026/01/18,363,0,Configuration
1942,Pedro Marmol,02-02-26,457,1,Layer 2
1943,juan perez,2026/02/07,-55,N,Software
1944,juan perez,01/02/2026,342,N,Configuration
1945,MARIA LOPEZ,2026-01-24,255,Yes,Software
1946,MARIA LOPEZ,01-27-26,19,y,Software
1947,Ana Silva,15/02/2026,-10,y,Configuration
1948,luis torres,02-01-26,7,No,Software
1949,luis torres,2026/02/11,231,S,Software
1950,  carlos ruiz,2026-02-10,7,S,Configuration
1951,MARIA LOPEZ,2026/02/11,232,1,Configuration
1952,juan perez,2026/02/02,13,1,Configuration
1953,Pedro Marmol,01-23-26,-68,Yes,Software
1954,  carlos ruiz,2026-02-03,-35,N,Configuration
1955,juan perez,02-09-26,33,0,Software
1956,juan perez,27/01/2026,-17,Yes,Layer 1
1957,juan perez,02-01-26,64,S,Configuration
1958,  carlos ruiz,24/01/2026,-80,No,Layer 1
1959,Ana Silva,02-02-26,448,0,Software
1960,Ana Silva,2026/01/18,42,y,Layer 1
1961,  carlos ruiz,02-13-26,240,No,Layer 1
1962,  carlos ruiz,2026/02/12,386,N,Software
1963,  carlos ruiz,11/02/2026,158,N,Software
1964,luis torres,04/02/2026,366,y,Layer 2
1965,juan perez,2026/01/29,107,No,Layer 2
1966,  carlos ruiz,2026-01-17,500,y,Layer 2
1967,Ana Silva,15/02/2026,469,S,Layer 1
1968,juan perez,2026/02/08,261,0,Layer 2
1969,MARIA LOPEZ,02-14-26,215,1,Layer 1
1970,Pedro Marmol,2026-01-22,-50,0,Configuration
1971,luis torres,07/02/2026,162,N,Layer 1
1972,  carlos ruiz,01-28-26,-34,S,Layer 1
1973,  carlos ruiz,01-30-26,419,y,Layer 2
1974,Pedro Marmol,08/02/2026,165,0,Layer 1
1975,MARIA LOPEZ,2026/02/09,150,1,Layer 2
1976,  carlos ruiz,02/02/2026,426,S,Layer 2
1977,Ana Silva,01-24-26,350,y,Layer 2
1978,juan perez,2026/02/01,121,S,Layer 2
1979,Pedro Marmol,2026-01-17,65,S,Configuration
1980,luis torres,01-19-26,104,0,Software
1981,Ana Silva,01-21-26,22,0,Software
1982,luis torres,02-09-26,-66,S,Software
1983,luis torres,01-31-26,287,y,Software
1984,  carlos ruiz,02-10-26,354,0,Configuration
1985,  carlos ruiz,26/01/2026,-8,N,Configuration
1986,juan perez,2026/01/24,420,1,Layer 2
1987,Pedro Marmol,25/01/2026,162,y,Configuration
1988,MARIA LOPEZ,2026-01-20,178,No,Software
1989,Pedro Marmol,2026/02/01,354,N,Layer 2
1990,luis torres,29/01/2026,259,0,Layer 1
1991,Pedro Marmol,2026-02-03,53,0,Software
1992,Ana Silva,2026-02-10,329,1,Layer 2
1993,Pedro Marmol,2026/01/23,407,y,Software
1994,Ana Silva,2026/01/26,241,N,Software
1995,juan perez,2026/02/06,223,S,Configuration
1996,juan perez,2026-01-27,59,S,Configuration
1997,Ana Silva,2026/02/13,257,No,Layer 1
1998,Pedro Marmol,19/01/2026,-70,Yes,Configuration
1999,luis torres,30/01/2026,293,0,Configuration
2000,Pedro Marmol,2026-02-07,-85,S,Software
2001,  carlos ruiz,31/01/2026,128,N,Software
2002,luis torres,05/02/2026,87,Yes,Configuration
2003,Ana Silva,2026-02-03,-50,0,Layer 1
2004,luis torres,2026/02/09,306,y,Layer 1
2005,  carlos ruiz,02-09-26,-41,S,Software
2006,juan perez,02-10-26,210,S,Layer 2
2007,juan perez,2026-01-31,496,No,Software
2008,juan perez,2026/01/29,129,Yes,Configuration
2009,luis torres,24/01/2026,341,No,Software
2010,juan perez,2026-02-14,81,N,Configuration
2011,MARIA LOPEZ,07/02/2026,-48,Yes,Layer 2
2012,Ana Silva,2026-01-24,408,1,Layer 2
2013,juan perez,02/02/2026,52,0,Layer 2
2014,MARIA LOPEZ,2026-01-22,306,S,Layer 1
2015,MARIA LOPEZ,11/02/2026,341,No,Configuration
2016,Pedro Marmol,2026/01/30,-80,0,Layer 1
2017,Ana Silva,2026-01-24,177,N,Layer 2
2018,Ana Silva,2026/01/25,274,Yes,Layer 1
2019,luis torres,2026-02-03,32,1,Software
2020,Pedro Marmol,23/01/2026,-11,y,Layer 1
2021,MARIA LOPEZ,2026-01-30,127,0,Layer 2
2022,  carlos ruiz,01-27-26,114,1,Layer 1
2023,MARIA LOPEZ,01-25-26,-70,No,Configuration
2024,Ana Silva,11/02/2026,474,0,Layer 2
2025,luis torres,2026-02-10,253,1,Configuration
2026,Ana Silva,02-05-26,-14,1,Layer 2
2027,MARIA LOPEZ,02-05-26,159,1,Configuration
2028,luis torres,2026-02-12,-90,N,Layer 1
2029,MARIA LOPEZ,2026/02/15,199,S,Layer 1
2030,MARIA LOPEZ,2026/01/30,372,Yes,Software
2031,Pedro Marmol,02-08-26,217,1,Layer 1
2032,  carlos ruiz,2026/01/28,456,S,Configuration
2033,Pedro Marmol,15/02/2026,84,Yes,Layer 2
2034,MARIA LOPEZ,01-29-26,234,1,Layer 1
2035,luis torres,01-19-26,276,1,Layer 1
2036,luis torres,2026-02-11,333,0,Layer 2
2037,  carlos ruiz,16/02/2026,174,N,Layer 2
2038,MARIA LOPEZ,01-27-26,262,No,Software
2039,juan perez,04/02/2026,261,No,Layer 2
2040,MARIA LOPEZ,2026-01-27,142,S,Layer 1
2041,  carlos ruiz,20/01/2026,462,y,Software
2042,juan perez,2026/02/12,147,N,Configuration
2043,Pedro Marmol,02-15-26,149,0,Software
2044,  carlos ruiz,2026-01-20,327,N,Software
2045,Ana Silva,2026/01/23,140,Yes,Software
2046,Ana Silva,2026/02/04,3,N,Layer 1
2047,luis torres,19/01/2026,81,1,Layer 1
2048,juan perez,01-22-26,134,Yes,Software
2049,luis torres,2026/02/06,494,N,Layer 1
2050,Pedro Marmol,01-26-26,262,No,Software
2051,juan perez,23/01/2026,247,N,Layer 2
2052,Ana Silva,2026-01-25,396,No,Configuration
2053,Ana Silva,08/02/2026,-18,Yes,Layer 1
2054,juan perez,2026-02-15,-36,S,Layer 2
2055,Pedro Marmol,01-25-26,350,No,Configuration
2056,MARIA LOPEZ,2026/01/26,-54,S,Layer 1
2057,luis torres,18/01/2026,74,N,Layer 1
2058,Pedro Marmol,01-31-26,215,N,Layer 2
2059,  carlos ruiz,24/01/2026,-73,S,Configuration
2060,Ana Silva,2026-01-25,-48,y,Layer 1
2061,  carlos ruiz,2026-01-28,-46,No,Configuration
2062,luis torres,21/01/2026,125,Yes,Layer 1
2063,luis torres,01-31-26,340,1,Configuration
2064,MARIA LOPEZ,2026-02-04,318,1,Configuration
2065,Pedro Marmol,01-25-26,173,N,Layer 2
2066,MARIA LOPEZ,07/02/2026,308,1,Layer 1
2067,Pedro Marmol,31/01/2026,305,Yes,Layer 1
2068,  carlos ruiz,2026/02/11,304,0,Layer 1
2069,  carlos ruiz,01-17-26,157,y,Layer 1
2070,MARIA LOPEZ,18/01/2026,81,0,Software
2071,Ana Silva,2026/02/16,154,No,Layer 2
2072,Pedro Marmol,2026-02-14,282,N,Layer 1
2073,  carlos ruiz,2026-02-11,226,S,Configuration
2074,Pedro Marmol,2026/02/15,25,No,Layer 2
2075,  carlos ruiz,2026/02/09,117,N,Configuration
2076,juan perez,30/01/2026,12,Yes,Software
2077,juan perez,2026-02-13,471,0,Software
2078,MARIA LOPEZ,2026/02/03,-35,Yes,Layer 1
2079,juan perez,01-25-26,179,N,Software
2080,luis torres,23/01/2026,14,y,Software
2081,luis torres,02-04-26,-57,0,Layer 2
2082,Pedro Marmol,2026/01/31,397,S,Configuration
2083,MARIA LOPEZ,19/01/2026,19,1,Software
2084,MARIA LOPEZ,01-17-26,70,No,Layer 2
2085,Pedro Marmol,02-01-26,202,N,Layer 2
2086,MARIA LOPEZ,08/02/2026,498,y,Configuration
2087,luis torres,02-02-26,357,N,Software
2088,luis torres,01-27-26,-15,No,Software
2089,MARIA LOPEZ,02-10-26,388,S,Configuration
2090,  carlos ruiz,2026/02/07,237,S,Layer 1
2091,MARIA LOPEZ,01-17-26,301,0,Configuration
2092,juan perez,02-06-26,280,No,Configuration
2093,Ana Silva,01-25-26,1,y,Layer 1
2094,MARIA LOPEZ,2026/02/16,122,No,Configuration
2095,luis torres,2026-01-26,402,y,Software
2096,Pedro Marmol,2026-01-25,69,S,Configuration
2097,Ana Silva,2026/02/05,142,Yes,Layer 2
2098,luis torres,02-16-26,266,S,Software
2099,MARIA LOPEZ,23/01/2026,265,y,Layer 2
2100,  carlos ruiz,2026/02/08,185,No,Software
2101,  carlos ruiz,17/01/2026,90,1,Layer 1
2102,  carlos ruiz,2026/02/15,162,y,Layer 2
2103,  carlos ruiz,20/01/2026,-93,Yes,Layer 1
2104,MARIA LOPEZ,01-30-26,326,N,Software
2105,juan perez,01-30-26,-2,No,Configuration
2106,luis torres,2026/01/31,8,S,Layer 2
2107,  carlos ruiz,2026-01-26,113,y,Configuration
2108,MARIA LOPEZ,01-29-26,96,y,Software
2109,Ana Silva,2026/02/12,249,y,Layer 1
2110,luis torres,2026/02/14,230,y,Configuration
2111,Ana Silva,21/01/2026,61,S,Layer 1
2112,luis torres,02-07-26,409,Yes,Software
2113,Ana Silva,01-29-26,347,y,Configuration
2114,Ana Silva,2026-01-24,186,y,Layer 1
2115,MARIA LOPEZ,01-22-26,185,S,Layer 1
2116,luis torres,2026-01-17,223,y,Layer 1
2117,Ana Silva,11/02/2026,227,0,Layer 1
2118,juan perez,2026-01-25,39,S,Software
2119,juan perez,05/02/2026,52,S,Configuration
2120,Ana Silva,01-24-26,415,Yes,Software
2121,  carlos ruiz,2026/01/19,494,N,Layer 2
2122,Ana Silva,2026/02/04,338,1,Layer 1
2123,MARIA LOPEZ,2026-01-27,12,1,Layer 1
2124,MARIA LOPEZ,13/02/2026,249,y,Layer 2
2125,  carlos ruiz,29/01/2026,5,S,Layer 2
2126,Ana Silva,02-08-26,-37,Yes,Layer 2
2127,Pedro Marmol,01-23-26,-77,N,Software
2128,  carlos ruiz,2026/02/14,20,Yes,Configuration
2129,Ana Silva,2026/02/06,142,No,Configuration
2130,luis torres,2026-02-03,281,N,Configuration
2131,MARIA LOPEZ,2026-02-06,186,S,Software
2132,Ana Silva,02-14-26,379,No,Configuration
2133,  carlos ruiz,2026/02/03,122,1,Layer 2
2134,MARIA LOPEZ,02-01-26,-43,N,Configuration
2135,luis torres,2026/02/02,142,N,Configuration
2136,Pedro Marmol,02-04-26,298,y,Configuration
2137,Ana Silva,06/02/2026,16,No,Configuration
2138,MARIA LOPEZ,2026-02-05,59,Yes,Software
2139,  carlos ruiz,01-17-26,173,S,Layer 1
2140,luis torres,2026-02-03,206,No,Configuration
2141,Pedro Marmol,2026/02/07,324,1,Layer 1
2142,Ana Silva,21/01/2026,73,Yes,Software
2143,luis torres,01-31-26,464,0,Layer 2
2144,luis torres,07/02/2026,-68,S,Layer 2
2145,Pedro Marmol,02-02-26,61,0,Software
2146,Ana Silva,26/01/2026,150,0,Configuration
2147,MARIA LOPEZ,2026/01/27,-35,N,Layer 2
2148,Pedro Marmol,2026-02-13,331,y,Layer 1
2149,Ana Silva,2026-02-11,-13,1,Layer 1
2150,juan perez,2026-02-02,301,y,Configuration
2151,  carlos ruiz,14/02/2026,466,No,Configuration
2152,MARIA LOPEZ,2026-02-03,-70,No,Configuration
2153,MARIA LOPEZ,2026-02-14,-41,0,Layer 2
2154,Ana Silva,17/01/2026,474,N,Software
2155,  carlos ruiz,01-20-26,149,1,Software
2156,juan perez,2026-02-09,407,N,Layer 1
2157,luis torres,2026-01-31,27,S,Software
2158,Ana Silva,29/01/2026,93,N,Layer 2
2159,juan perez,2026/02/11,249,1,Configuration
2160,luis torres,27/01/2026,321,No,Configuration
2161,  carlos ruiz,2026/02/05,251,No,Layer 1
2162,  carlos ruiz,2026-01-25,238,No,Layer 1
2163,Pedro Marmol,01-30-26,214,y,Software
2164,Pedro Marmol,2026/02/16,211,0,Layer 2
2165,  carlos ruiz,2026/01/22,183,0,Layer 1
2166,juan perez,11/02/2026,158,S,Software
2167,Pedro Marmol,14/02/2026,462,No,Configuration
2168,MARIA LOPEZ,01-27-26,496,S,Software
2169,juan perez,2026/02/03,146,N,Configuration
2170,Pedro Marmol,2026/01/24,418,1,Configuration
2171,Ana Silva,2026/02/16,496,Yes,Software
2172,Ana Silva,2026/02/14,443,1,Layer 1
2173,juan perez,2026/02/02,-11,1,Layer 2
2174,MARIA LOPEZ,2026/02/09,306,No,Software
2175,juan perez,2026/02/11,167,0,Layer 1
2176,Ana Silva,02-09-26,231,Yes,Layer 1
2177,luis torres,2026-02-13,33,S,Configuration
2178,  carlos ruiz,22/01/2026,88,N,Layer 2
2179,juan perez,2026-02-13,270,y,Configuration
2180,Ana Silva,2026-01-17,213,No,Layer 2
2181,Pedro Marmol,01/02/2026,408,y,Software
2182,Ana Silva,05/02/2026,106,0,Software
2183,  carlos ruiz,02-06-26,-8,y,Configuration
2184,Pedro Marmol,14/02/2026,11,y,Layer 2
2185,Ana Silva,02-05-26,230,y,Configuration
2186,MARIA LOPEZ,19/01/2026,482,S,Layer 2
2187,  carlos ruiz,2026-01-19,329,Yes,Layer 1
2188,  carlos ruiz,20/01/2026,500,N,Layer 1
2189,luis torres,02-10-26,241,No,Layer 1
2190,luis torres,2026-02-01,158,y,Software
2191,luis torres,2026/01/22,282,S,Layer 1
2192,luis torres,02-13-26,83,y,Layer 2
2193,luis torres,2026-02-12,430,N,Configuration
2194,  carlos ruiz,2026-01-20,422,Yes,Software
2195,MARIA LOPEZ,14/02/2026,272,No,Configuration
2196,juan perez,26/01/2026,207,Yes,Software
2197,luis torres,30/01/2026,200,1,Layer 2
2198,Ana Silva,02-04-26,-100,0,Layer 2
2199,Ana Silva,2026-02-16,367,1,Software
2200,Pedro Marmol,19/01/2026,143,N,Layer 2
2201,Pedro Marmol,2026-01-31,394,y,Layer 1
2202,  carlos ruiz,02-12-26,-79,0,Configuration
2203,Ana Silva,05/02/2026,-70,Yes,Layer 1
2204,juan perez,02-14-26,481,S,Layer 1
2205,luis torres,02-02-26,272,y,Layer 2
2206,luis torres,2026/01/20,317,No,Configuration
2207,Ana Silva,2026/02/06,391,S,Software
2208,juan perez,02-13-26,198,Yes,Layer 1
2209,  carlos ruiz,19/01/2026,405,S,Layer 2
2210,juan perez,02-12-26,208,0,Layer 1
2211,Pedro Marmol,28/01/2026,296,No,Configuration
2212,Pedro Marmol,2026-02-12,408,y,Layer 1
2213,juan perez,2026/01/23,478,1,Software
2214,Ana Silva,24/01/2026,215,y,Layer 2
2215,  carlos ruiz,03/02/2026,441,No,Configuration
2216,Ana Silva,2026-01-20,156,1,Layer 1
2217,Ana Silva,2026/01/17,318,y,Configuration
2218,Ana Silva,2026-02-14,126,y,Configuration
2219,luis torres,16/02/2026,239,1,Configuration
2220,luis torres,2026-01-23,160,y,Layer 2
2221,Pedro Marmol,02-06-26,270,1,Layer 2
2222,Ana Silva,2026-02-07,366,1,Layer 1
2223,  carlos ruiz,2026/02/12,275,S,Configuration
2224,MARIA LOPEZ,2026-01-24,-55,y,Configuration
2225,MARIA LOPEZ,14/02/2026,415,N,Software
2226,juan perez,02/02/2026,315,Yes,Layer 1
2227,luis torres,2026/02/03,56,N,Layer 2
2228,  carlos ruiz,01/02/2026,263,0,Layer 2
2229,Pedro Marmol,01-26-26,228,1,Layer 2
2230,  carlos ruiz,05/02/2026,445,0,Layer 2
2231,  carlos ruiz,2026-02-09,-85,1,Layer 2
2232,juan perez,2026/01/24,64,N,Configuration
2233,  carlos ruiz,30/01/2026,91,S,Layer 1
2234,juan perez,22/01/2026,427,1,Layer 2
2235,luis torres,01-24-26,173,0,Layer 2
2236,juan perez,01-17-26,-35,0,Layer 2
2237,Ana Silva,2026-01-23,55,y,Layer 2
2238,Pedro Marmol,01-28-26,-27,0,Layer 2
2239,juan perez,2026/01/19,45,Yes,Layer 2
2240,luis torres,2026-01-28,242,N,Configuration
2241,Pedro Marmol,08/02/2026,419,N,Software
2242,luis torres,01-20-26,16,y,Layer 1
2243,Ana Silva,2026-02-12,425,No,Configuration
2244,Ana Silva,2026/02/08,444,No,Layer 2
2245,luis torres,2026-01-21,109,N,Configuration
2246,juan perez,21/01/2026,-39,N,Software
2247,Pedro Marmol,2026-01-17,96,No,Configuration
2248,Pedro Marmol,06/02/2026,149,N,Software
2249,Pedro Marmol,2026-01-27,-89,S,Software
2250,luis torres,02-01-26,30,y,Layer 1
2251,juan perez,02-01-26,185,N,Layer 1
2252,Pedro Marmol,2026/02/16,266,No,Layer 1
2253,luis torres,2026/02/09,197,y,Layer 1
2254,luis torres,01-21-26,69,No,Software
2255,luis torres,02-01-26,209,1,Layer 1
2256,luis torres,2026/02/03,462,Yes,Configuration
2257,  carlos ruiz,17/01/2026,307,No,Layer 2
2258,juan perez,2026-02-06,215,Yes,Layer 1
2259,MARIA LOPEZ,2026/02/10,-67,S,Software
2260,juan perez,2026/01/26,77,y,Layer 2
2261,  carlos ruiz,02-07-26,495,S,Configuration
2262,  carlos ruiz,17/01/2026,491,No,Software
2263,Ana Silva,2026-02-01,-31,1,Software
2264,MARIA LOPEZ,02-12-26,29,y,Software
2265,Pedro Marmol,02-05-26,17,y,Layer 1
2266,  carlos ruiz,2026/01/17,-72,0,Layer 2
2267,luis torres,2026-02-15,206,N,Layer 2
2268,  carlos ruiz,02-05-26,-29,0,Software
2269,juan perez,31/01/2026,305,y,Layer 2
2270,luis torres,01-24-26,332,Yes,Configuration
2271,juan perez,01-20-26,-25,N,Layer 1
2272,MARIA LOPEZ,2026/01/17,13,S,Layer 2
2273,MARIA LOPEZ,28/01/2026,232,0,Layer 1
2274,MARIA LOPEZ,2026/02/04,224,1,Layer 2
2275,  carlos ruiz,01-20-26,468,N,Configuration
2276,MARIA LOPEZ,01-17-26,-22,No,Software
2277,Pedro Marmol,2026/01/27,407,0,Configuration
2278,  carlos ruiz,2026-01-24,-15,y,Layer 1
2279,luis torres,2026/02/02,117,1,Layer 2
2280,MARIA LOPEZ,02-11-26,168,0,Software
2281,juan perez,20/01/2026,12,1,Layer 1
2282,Pedro Marmol,01-18-26,462,1,Configuration
2283,juan perez,02-06-26,370,Yes,Configuration
2284,Ana Silva,2026/01/18,329,0,Layer 2
2285,luis torres,2026/01/18,302,0,Configuration
2286,MARIA LOPEZ,2026/01/28,140,Yes,Layer 1
2287,MARIA LOPEZ,2026-02-10,460,N,Layer 1
2288,luis torres,2026/01/19,21,y,Configuration
2289,MARIA LOPEZ,2026/02/03,68,N,Layer 2
2290,luis torres,01-20-26,465,0,Layer 1
2291,Pedro Marmol,2026-02-04,-16,Yes,Configuration
2292,MARIA LOPEZ,2026-02-08,260,N,Layer 1
2293,  carlos ruiz,2026/01/18,36,S,Layer 2
2294,luis torres,28/01/2026,69,1,Software
2295,Pedro Marmol,2026-01-28,153,y,Software
2296,Pedro Marmol,02-06-26,137,Yes,Layer 1
2297,juan perez,19/01/2026,191,y,Configuration
2298,Pedro Marmol,2026/01/20,20,Yes,Software
2299,luis torres,27/01/2026,468,S,Configuration
2300,MARIA LOPEZ,31/01/2026,372,Yes,Configuration
2301,  carlos ruiz,2026/01/21,50,y,Configuration
2302,Ana Silva,24/01/2026,481,S,Software
2303,MARIA LOPEZ,05/02/2026,387,y,Software
2304,juan perez,27/01/2026,-31,S,Layer 2
2305,Ana Silva,2026-02-05,299,N,Layer 2
2306,MARIA LOPEZ,30/01/2026,116,No,Configuration
2307,luis torres,02-12-26,364,1,Configuration
2308,juan perez,02-16-26,189,1,Software
2309,juan perez,2026-02-12,439,y,Software
2310,MARIA LOPEZ,2026-02-15,106,y,Layer 1
2311,luis torres,2026-02-11,-14,Yes,Layer 1
2312,MARIA LOPEZ,2026/02/13,360,Yes,Configuration
2313,Pedro Marmol,01-20-26,7,y,Software
2314,Ana Silva,21/01/2026,-58,1,Layer 2
2315,MARIA LOPEZ,2026-01-27,153,y,Configuration
2316,Ana Silva,24/01/2026,386,No,Layer 1
2317,juan perez,2026-02-06,287,1,Layer 2
2318,Pedro Marmol,27/01/2026,217,N,Layer 1
2319,Pedro Marmol,10/02/2026,-85,Yes,Configuration
2320,Ana Silva,2026-01-18,74,Yes,Software
2321,luis torres,02-07-26,-29,y,Configuration
2322,Ana Silva,2026/01/18,338,0,Configuration
2323,Ana Silva,2026-02-12,-34,0,Layer 2
2324,MARIA LOPEZ,2026/02/07,248,S,Layer 1
2325,  carlos ruiz,01-24-26,331,y,Configuration
2326,MARIA LOPEZ,2026-01-20,67,Yes,Layer 2
2327,MARIA LOPEZ,2026-02-07,457,0,Layer 2
2328,juan perez,2026-02-14,63,S,Layer 2
2329,luis torres,01-22-26,298,N,Layer 2
2330,luis torres,2026/01/26,329,Yes,Layer 2
2331,luis torres,15/02/2026,-94,Yes,Configuration
2332,Ana Silva,01-17-26,352,1,Layer 1
2333,Pedro Marmol,2026/02/06,-43,y,Configuration
2334,MARIA LOPEZ,01-31-26,335,Yes,Configuration
2335,juan perez,02-04-26,200,1,Software
2336,MARIA LOPEZ,02-13-26,-66,Yes,Layer 2
2337,Ana Silva,2026-01-28,220,N,Configuration
2338,  carlos ruiz,02-16-26,165,N,Configuration
2339,  carlos ruiz,2026/02/02,295,N,Layer 1
2340,juan perez,2026-02-14,83,1,Layer 1
2341,Pedro Marmol,10/02/2026,108,y,Layer 2
2342,  carlos ruiz,2026-02-03,205,N,Software
2343,MARIA LOPEZ,2026/02/16,125,No,Layer 1
2344,Ana Silva,01-20-26,65,1,Software
2345,Pedro Marmol,2026-01-30,-99,0,Configuration
2346,Ana Silva,2026-02-01,271,No,Software
2347,luis torres,01-21-26,-45,No,Configuration
2348,luis torres,16/02/2026,-61,y,Layer 2
2349,luis torres,2026/01/30,171,N,Software
2350,juan perez,2026/02/04,238,No,Software
2351,Pedro Marmol,2026/01/21,416,N,Layer 2
2352,Pedro Marmol,2026/02/03,61,Yes,Layer 2
2353,juan perez,2026/01/21,259,0,Layer 1
2354,luis torres,08/02/2026,335,S,Layer 2
2355,MARIA LOPEZ,09/02/2026,118,N,Software
2356,juan perez,2026-02-10,19,S,Layer 1
2357,Ana Silva,03/02/2026,496,N,Layer 1
2358,Pedro Marmol,02-03-26,312,y,Layer 1
2359,juan perez,2026/02/11,315,N,Layer 1
2360,Ana Silva,01-19-26,256,S,Layer 1
2361,  carlos ruiz,24/01/2026,316,y,Layer 1
2362,luis torres,2026/02/07,259,S,Layer 1
2363,Pedro Marmol,2026/01/21,206,1,Layer 2
2364,  carlos ruiz,29/01/2026,408,1,Configuration
2365,juan perez,06/02/2026,45,y,Configuration
2366,Pedro Marmol,21/01/2026,174,No,Software
2367,Ana Silva,02-04-26,352,Yes,Software
2368,juan perez,2026/01/24,233,S,Layer 1
2369,luis torres,2026-01-29,-91,N,Configuration
2370,Ana Silva,29/01/2026,-97,N,Software
2371,juan perez,02-15-26,283,1,Software
2372,MARIA LOPEZ,2026/01/27,446,S,Software
2373,juan perez,01-18-26,16,0,Layer 1
2374,luis torres,02-11-26,476,S,Software
2375,  carlos ruiz,01-18-26,234,S,Configuration
2376,juan perez,02-05-26,423,1,Layer 2
2377,  carlos ruiz,2026-01-23,219,1,Layer 1
2378,MARIA LOPEZ,2026/02/13,1,y,Software
2379,luis torres,01-18-26,-99,Yes,Layer 2
2380,  carlos ruiz,2026-01-17,368,0,Configuration
2381,Pedro Marmol,2026-01-26,306,y,Layer 1
2382,MARIA LOPEZ,01-20-26,405,1,Software
2383,Pedro Marmol,2026/02/12,429,1,Layer 2
2384,Ana Silva,2026/02/15,150,1,Layer 1
2385,MARIA LOPEZ,2026/01/25,-60,No,Layer 1
2386,juan perez,2026/01/30,169,y,Layer 1
2387,luis torres,18/01/2026,358,N,Layer 1
2388,Ana Silva,2026-01-22,145,y,Configuration
2389,Pedro Marmol,01-22-26,17,Yes,Layer 2
2390,juan perez,01-31-26,460,Yes,Layer 2
2391,luis torres,02-02-26,-91,0,Layer 2
2392,Ana Silva,2026/02/15,0,0,Layer 1
2393,MARIA LOPEZ,31/01/2026,86,0,Layer 2
2394,luis torres,2026/02/13,320,No,Software
2395,Ana Silva,2026-02-10,389,No,Configuration
2396,juan perez,2026-02-13,80,N,Layer 2
2397,Ana Silva,02-01-26,109,0,Layer 2
2398,luis torres,2026-01-21,251,1,Configuration
2399,MARIA LOPEZ,26/01/2026,429,1,Layer 2
2400,  carlos ruiz,02-11-26,-41,y,Configuration
2401,  carlos ruiz,16/02/2026,68,1,Software
2402,luis torres,2026/01/23,407,No,Software
2403,MARIA LOPEZ,22/01/2026,264,N,Software
2404,Pedro Marmol,2026-02-15,-48,No,Configuration
2405,juan perez,2026/02/04,371,y,Layer 1
2406,Pedro Marmol,2026-01-28,415,y,Layer 2
2407,MARIA LOPEZ,2026/02/14,430,Yes,Configuration
2408,Pedro Marmol,2026-02-12,-73,S,Software
2409,Pedro Marmol,2026-02-05,230,0,Layer 2
2410,Ana Silva,02-06-26,215,S,Configuration
2411,Ana Silva,2026-02-15,122,Yes,Layer 2
2412,Pedro Marmol,02-04-26,92,y,Layer 1
2413,MARIA LOPEZ,2026-01-31,491,Yes,Configuration
2414,juan perez,02-11-26,232,No,Layer 1
2415,Ana Silva,2026/02/02,435,1,Configuration
2416,juan perez,2026-02-11,-26,No,Layer 1
2417,luis torres,2026/02/14,-39,y,Layer 1
2418,Ana Silva,02-07-26,230,Yes,Layer 2
2419,MARIA LOPEZ,05/02/2026,105,Yes,Layer 2
2420,luis torres,01-22-26,-90,N,Layer 2
2421,luis torres,2026/01/31,497,N,Layer 1
2422,luis torres,2026-01-18,297,N,Layer 2
2423,Pedro Marmol,29/01/2026,230,0,Layer 1
2424,  carlos ruiz,29/01/2026,46,y,Software
2425,Pedro Marmol,01-24-26,123,Yes,Layer 1
2426,Pedro Marmol,2026-01-28,217,0,Software
2427,juan perez,02-11-26,262,N,Layer 2
2428,juan perez,2026/02/04,494,Yes,Configuration
2429,luis torres,15/02/2026,101,N,Layer 2
2430,luis torres,02-10-26,158,1,Configuration
2431,  carlos ruiz,2026-02-13,106,S,Layer 1
2432,  carlos ruiz,2026-01-17,-35,N,Layer 1
2433,MARIA LOPEZ,2026-02-16,-66,0,Software
2434,luis torres,02-09-26,84,1,Layer 1
2435,MARIA LOPEZ,2026-02-12,149,y,Configuration
2436,juan perez,2026/02/09,202,1,Software
2437,MARIA LOPEZ,02-09-26,115,Yes,Software
2438,juan perez,01-31-26,147,0,Layer 2
2439,MARIA LOPEZ,01-23-26,219,0,Configuration
2440,MARIA LOPEZ,2026/02/13,67,N,Layer 2
2441,luis torres,2026/02/02,409,1,Layer 2
2442,Ana Silva,2026/02/06,99,Yes,Software
2443,luis torres,2026/01/29,-50,No,Software
2444,juan perez,02-01-26,360,N,Software
2445,juan perez,02-11-26,446,0,Configuration
2446,Ana Silva,2026/02/01,-57,0,Software
2447,  carlos ruiz,02-09-26,281,1,Configuration
2448,luis torres,06/02/2026,271,S,Layer 1
2449,luis torres,02-16-26,442,N,Layer 1
2450,Ana Silva,01-30-26,395,Yes,Software
2451,juan perez,02-16-26,380,Yes,Layer 1
2452,  carlos ruiz,01-20-26,77,0,Layer 2
2453,  carlos ruiz,01-24-26,53,0,Layer 2
2454,juan perez,2026-01-23,127,S,Software
2455,Pedro Marmol,2026/02/08,458,Yes,Layer 2
2456,juan perez,26/01/2026,30,0,Layer 1
2457,luis torres,01-26-26,-52,N,Software
2458,luis torres,13/02/2026,116,N,Configuration
2459,MARIA LOPEZ,16/02/2026,410,No,Layer 1
2460,luis torres,2026-01-18,70,y,Software
2461,Pedro Marmol,24/01/2026,220,Yes,Layer 1
2462,MARIA LOPEZ,16/02/2026,182,Yes,Configuration
2463,Pedro Marmol,2026-01-17,59,0,Layer 1
2464,Pedro Marmol,2026/02/16,481,S,Software
2465,MARIA LOPEZ,01-31-26,184,Yes,Configuration
2466,  carlos ruiz,2026-01-27,234,y,Layer 2
2467,Pedro Marmol,2026/02/03,-57,N,Layer 1
2468,  carlos ruiz,2026/02/12,174,0,Configuration
2469,juan perez,05/02/2026,131,1,Layer 2
2470,MARIA LOPEZ,2026/02/14,134,1,Configuration
2471,luis torres,24/01/2026,162,y,Layer 1
2472,luis torres,2026/02/03,175,1,Configuration
2473,Ana Silva,16/02/2026,115,Yes,Configuration
2474,MARIA LOPEZ,22/01/2026,240,Yes,Layer 1
2475,juan perez,03/02/2026,71,0,Layer 1
2476,Ana Silva,01-23-26,221,No,Software
2477,juan perez,14/02/2026,240,No,Layer 1
2478,Pedro Marmol,2026/01/20,-58,N,Layer 2
2479,luis torres,23/01/2026,156,No,Configuration
2480,Pedro Marmol,2026-02-16,107,1,Software
2481,  carlos ruiz,2026/02/10,222,Yes,Software
2482,Ana Silva,01-21-26,24,N,Software
2483,juan perez,2026-02-07,478,N,Layer 2
2484,MARIA LOPEZ,31/01/2026,447,N,Configuration
2485,Ana Silva,01-28-26,26,1,Layer 2
2486,  carlos ruiz,2026-02-03,467,No,Software
2487,  carlos ruiz,2026/01/28,74,S,Configuration
2488,Pedro Marmol,02-13-26,360,N,Software
2489,luis torres,2026-01-27,190,1,Software
2490,Ana Silva,01-19-26,371,N,Software
2491,MARIA LOPEZ,01-31-26,-93,No,Layer 1
2492,MARIA LOPEZ,2026-01-31,354,S,Configuration
2493,Ana Silva,2026/02/12,418,0,Software
2494,luis torres,2026-01-27,78,No,Software
2495,Pedro Marmol,2026-02-04,384,0,Layer 2
2496,Ana Silva,2026-02-09,304,1,Configuration
2497,Pedro Marmol,2026-01-25,130,No,Layer 1
2498,MARIA LOPEZ,01-23-26,479,0,Layer 1
2499,MARIA LOPEZ,2026-02-02,392,N,Layer 2
2500,  carlos ruiz,2026-01-28,50,y,Layer 2
2501,Pedro Marmol,02-10-26,-16,Yes,Layer 2
2502,juan perez,19/01/2026,28,y,Layer 2
2503,juan perez,01-28-26,4,0,Layer 1
2504,luis torres,2026/01/30,231,1,Configuration
2505,  carlos ruiz,2026-01-29,115,S,Software
2506,  carlos ruiz,2026/02/05,454,Yes,Layer 1
2507,luis torres,16/02/2026,32,1,Layer 2
2508,luis torres,01-21-26,283,y,Software
2509,Ana Silva,2026/02/16,-64,y,Configuration
2510,MARIA LOPEZ,2026/01/31,368,1,Layer 1
2511,luis torres,2026-02-04,333,1,Layer 1
2512,Ana Silva,28/01/2026,462,S,Configuration
2513,MARIA LOPEZ,11/02/2026,373,Yes,Layer 2
2514,Ana Silva,2026-02-01,426,0,Layer 1
2515,juan perez,2026-02-04,-93,Yes,Layer 2
2516,luis torres,2026-02-15,-60,Yes,Layer 2
2517,MARIA LOPEZ,2026/02/09,59,0,Configuration
2518,  carlos ruiz,2026/02/08,403,No,Configuration
2519,Pedro Marmol,2026/02/01,466,S,Configuration
2520,  carlos ruiz,16/02/2026,279,N,Configuration
2521,  carlos ruiz,2026-01-31,110,Yes,Layer 1
2522,luis torres,01-17-26,364,Yes,Layer 1
2523,MARIA LOPEZ,28/01/2026,66,Yes,Configuration
2524,Ana Silva,02-10-26,103,1,Software
2525,Pedro Marmol,2026-02-10,-89,0,Software
2526,luis torres,01-31-26,-20,Yes,Layer 1
2527,Ana Silva,2026-01-29,-29,0,Layer 2
2528,  carlos ruiz,08/02/2026,124,No,Software
2529,  carlos ruiz,2026-02-05,110,S,Layer 1
2530,MARIA LOPEZ,02-08-26,-58,No,Layer 2
2531,  carlos ruiz,01-31-26,-49,y,Software
2532,MARIA LOPEZ,2026-02-02,38,No,Configuration
2533,Ana Silva,05/02/2026,57,1,Layer 1
2534,Pedro Marmol,2026-01-24,461,No,Layer 2
2535,luis torres,01-25-26,123,y,Software
2536,Pedro Marmol,15/02/2026,225,0,Software
2537,  carlos ruiz,01-24-26,-18,No,Software
2538,juan perez,2026-02-13,-12,1,Configuration
2539,juan perez,02-02-26,499,No,Layer 2
2540,  carlos ruiz,02-02-26,3,0,Layer 1
2541,Pedro Marmol,01-18-26,489,N,Software
2542,juan perez,08/02/2026,57,Yes,Configuration
2543,juan perez,2026-02-12,157,y,Layer 2
2544,  carlos ruiz,2026/01/19,159,y,Software
2545,juan perez,2026/01/26,-35,1,Configuration
2546,juan perez,02-04-26,436,Yes,Layer 2
2547,Ana Silva,2026/01/19,204,S,Layer 2
2548,luis torres,2026/01/18,227,y,Layer 1
2549,juan perez,2026-02-12,25,Yes,Layer 2
2550,  carlos ruiz,2026-02-10,230,Yes,Software
2551,luis torres,02-14-26,239,S,Software
2552,  carlos ruiz,2026-01-19,150,N,Configuration
2553,juan perez,2026-01-17,-83,N,Software
2554,MARIA LOPEZ,2026/01/24,370,0,Software
2555,luis torres,2026-02-07,479,Yes,Configuration
2556,MARIA LOPEZ,2026/02/10,324,Yes,Configuration
2557,luis torres,13/02/2026,-30,Yes,Software
2558,MARIA LOPEZ,2026-01-19,266,0,Configuration
2559,Ana Silva,2026/01/27,176,Yes,Software
2560,MARIA LOPEZ,2026-01-27,392,y,Software
2561,luis torres,17/01/2026,30,Yes,Configuration
2562,  carlos ruiz,2026/01/24,-68,Yes,Layer 2
2563,juan perez,2026-02-11,42,N,Layer 1
2564,Ana Silva,2026-02-10,161,Yes,Configuration
2565,Ana Silva,2026-01-20,499,0,Software
2566,luis torres,2026/01/26,243,0,Layer 1
2567,juan perez,28/01/2026,491,N,Layer 2
2568,MARIA LOPEZ,01-22-26,336,y,Configuration
2569,Pedro Marmol,2026-01-20,361,1,Software
2570,  carlos ruiz,31/01/2026,255,1,Software
2571,juan perez,01-21-26,-2,y,Layer 1
2572,juan perez,2026/02/04,105,y,Software
2573,juan perez,2026/02/08,421,y,Software
2574,MARIA LOPEZ,29/01/2026,469,N,Layer 2
2575,MARIA LOPEZ,02-16-26,90,1,Configuration
2576,MARIA LOPEZ,2026/01/24,231,N,Layer 1
2577,MARIA LOPEZ,2026/01/18,363,1,Software
2578,MARIA LOPEZ,19/01/2026,130,Yes,Software
2579,juan perez,2026/02/03,-67,1,Layer 2
2580,juan perez,2026/02/08,67,S,Layer 1
2581,MARIA LOPEZ,01-26-26,489,0,Software
2582,Ana Silva,2026/02/08,418,Yes,Configuration
2583,luis torres,2026/02/15,75,No,Layer 2
2584,juan perez,11/02/2026,15,Yes,Configuration
2585,juan perez,2026-02-13,175,0,Layer 1
2586,MARIA LOPEZ,2026-01-20,250,1,Software
2587,MARIA LOPEZ,02-16-26,123,y,Configuration
2588,Ana Silva,02-10-26,247,No,Layer 1
2589,MARIA LOPEZ,03/02/2026,486,0,Layer 2
2590,MARIA LOPEZ,2026/02/07,361,y,Layer 2
2591,luis torres,26/01/2026,363,0,Layer 1
2592,Pedro Marmol,02-08-26,317,Yes,Software
2593,Pedro Marmol,02-03-26,395,N,Configuration
2594,Pedro Marmol,02-16-26,271,1,Configuration
2595,MARIA LOPEZ,03/02/2026,64,y,Layer 2
2596,Pedro Marmol,2026/01/31,482,1,Configuration
2597,Pedro Marmol,06/02/2026,27,1,Layer 2
2598,  carlos ruiz,2026-01-21,377,N,Software
2599,  carlos ruiz,24/01/2026,499,N,Layer 2
2600,Ana Silva,01-29-26,-100,N,Configuration
2601,Pedro Marmol,16/02/2026,294,0,Configuration
2602,Pedro Marmol,12/02/2026,323,1,Layer 1
2603,  carlos ruiz,18/01/2026,-24,No,Layer 2
2604,Ana Silva,2026/01/26,315,S,Software
2605,juan perez,15/02/2026,-98,No,Software
2606,MARIA LOPEZ,02-14-26,181,S,Configuration
2607,MARIA LOPEZ,2026/02/11,-86,y,Software
2608,Ana Silva,16/02/2026,131,1,Configuration
2609,Ana Silva,2026/01/30,446,0,Layer 2
2610,Ana Silva,08/02/2026,366,N,Configuration
2611,luis torres,02-15-26,186,N,Layer 2
2612,  carlos ruiz,2026/02/06,434,N,Layer 2
2613,luis torres,2026-01-19,-58,No,Layer 2
2614,luis torres,02-13-26,199,S,Layer 1
2615,Ana Silva,01-31-26,213,0,Configuration
2616,  carlos ruiz,2026/02/08,173,N,Software
2617,luis torres,2026/02/04,35,N,Configuration
2618,luis torres,2026-02-09,335,0,Configuration
2619,juan perez,2026-02-09,334,0,Software
2620,MARIA LOPEZ,2026-01-25,154,0,Configuration
2621,  carlos ruiz,07/02/2026,494,Yes,Layer 2
2622,juan perez,2026-01-19,60,No,Software
2623,Pedro Marmol,2026/02/14,250,Yes,Layer 2
2624,juan perez,2026-01-20,54,S,Software
2625,Ana Silva,06/02/2026,-36,y,Layer 1
2626,Ana Silva,2026-02-09,26,1,Configuration
2627,Pedro Marmol,2026-01-23,354,y,Layer 1
2628,juan perez,02-04-26,87,S,Layer 2
2629,Ana Silva,2026-02-08,294,y,Software
2630,  carlos ruiz,2026/01/26,249,N,Software
2631,  carlos ruiz,2026-02-05,91,1,Software
2632,  carlos ruiz,02-08-26,355,Yes,Configuration
2633,Ana Silva,01-26-26,70,N,Configuration
2634,luis torres,2026-02-09,148,No,Configuration
2635,luis torres,2026-02-01,419,S,Software
2636,  carlos ruiz,2026-01-22,461,y,Layer 2
2637,Ana Silva,2026-01-31,433,1,Configuration
2638,luis torres,24/01/2026,280,1,Software
2639,Pedro Marmol,27/01/2026,151,1,Layer 1
2640,Pedro Marmol,2026-01-19,469,S,Layer 2
2641,Pedro Marmol,01-19-26,-31,Yes,Layer 2
2642,Ana Silva,2026-02-16,-79,1,Layer 2
2643,luis torres,02-05-26,-55,Yes,Layer 2
2644,Pedro Marmol,24/01/2026,232,N,Layer 1
2645,Pedro Marmol,2026-01-19,420,N,Layer 1
2646,luis torres,2026/01/25,-74,N,Layer 1
2647,luis torres,09/02/2026,-65,Yes,Layer 2
2648,MARIA LOPEZ,06/02/2026,27,N,Layer 2
2649,juan perez,2026/02/01,-8,Yes,Configuration
2650,Ana Silva,02-04-26,59,N,Configuration
2651,  carlos ruiz,29/01/2026,475,Yes,Layer 2
2652,Ana Silva,2026/02/03,325,No,Layer 1
2653,MARIA LOPEZ,23/01/2026,469,No,Configuration
2654,Pedro Marmol,31/01/2026,317,S,Software
2655,luis torres,18/01/2026,186,S,Configuration
2656,MARIA LOPEZ,14/02/2026,327,N,Configuration
2657,Pedro Marmol,01-19-26,209,Yes,Software
2658,  carlos ruiz,28/01/2026,121,S,Layer 1
2659,  carlos ruiz,2026-01-27,319,No,Layer 1
2660,juan perez,2026-02-12,168,y,Layer 1
2661,luis torres,15/02/2026,173,1,Software
2662,MARIA LOPEZ,01/02/2026,-56,y,Layer 1
2663,  carlos ruiz,02-13-26,-72,S,Layer 1
2664,Pedro Marmol,2026-01-26,116,N,Layer 2
2665,luis torres,2026/02/16,130,0,Layer 2
2666,Ana Silva,05/02/2026,-73,1,Software
2667,  carlos ruiz,2026/02/16,-55,Yes,Software
2668,luis torres,01-29-26,-65,Yes,Software
2669,Ana Silva,11/02/2026,51,No,Configuration
2670,juan perez,2026/01/27,252,1,Layer 1
2671,Ana Silva,2026-01-17,404,y,Configuration
2672,luis torres,13/02/2026,196,1,Configuration
2673,Ana Silva,01-27-26,63,Yes,Layer 1
2674,juan perez,01-29-26,148,1,Configuration
2675,Ana Silva,21/01/2026,326,1,Configuration
2676,Ana Silva,2026-02-08,76,0,Configuration
2677,luis torres,24/01/2026,475,S,Layer 1
2678,Ana Silva,10/02/2026,263,No,Configuration
2679,luis torres,2026/02/06,-28,Yes,Layer 2
2680,luis torres,02-12-26,352,0,Software
2681,luis torres,2026-01-24,-89,y,Layer 2
2682,  carlos ruiz,2026-02-07,448,Yes,Software
2683,Pedro Marmol,2026-01-25,119,S,Layer 1
2684,luis torres,2026-01-21,13,Yes,Software
2685,MARIA LOPEZ,02-15-26,151,y,Layer 2
2686,  carlos ruiz,2026/01/31,1,No,Layer 2
2687,Ana Silva,2026/02/13,497,S,Configuration
2688,luis torres,20/01/2026,239,0,Software
2689,  carlos ruiz,02-10-26,40,1,Layer 1
2690,Ana Silva,23/01/2026,135,y,Software
2691,juan perez,02-05-26,-9,0,Layer 2
2692,Ana Silva,2026/02/14,6,S,Configuration
2693,Pedro Marmol,2026/01/29,133,S,Layer 1
2694,MARIA LOPEZ,01-29-26,89,Yes,Software
2695,juan perez,01-23-26,185,S,Layer 1
2696,Ana Silva,29/01/2026,-14,S,Configuration
2697,  carlos ruiz,2026/02/11,67,Yes,Layer 1
2698,juan perez,2026/01/28,307,No,Configuration
2699,juan perez,01-30-26,27,y,Layer 2
2700,juan perez,2026-02-12,391,Yes,Configuration
2701,Ana Silva,01-23-26,15,N,Software
2702,luis torres,2026-02-03,-39,1,Configuration
2703,luis torres,2026/01/18,190,No,Software
2704,juan perez,2026-01-31,163,S,Configuration
2705,MARIA LOPEZ,2026-01-28,457,y,Layer 2
2706,juan perez,01-20-26,96,y,Software
2707,Ana Silva,2026/01/30,132,y,Layer 2
2708,juan perez,01-21-26,-75,1,Layer 2
2709,MARIA LOPEZ,2026-01-30,107,No,Configuration
2710,luis torres,2026/01/20,288,S,Configuration
2711,juan perez,29/01/2026,418,S,Layer 1
2712,  carlos ruiz,2026-01-27,97,S,Software
2713,  carlos ruiz,2026-01-22,94,0,Layer 1
2714,Pedro Marmol,2026/02/02,238,No,Layer 1
2715,juan perez,2026/02/07,-36,N,Layer 1
2716,Pedro Marmol,2026-01-17,-27,No,Layer 1
2717,  carlos ruiz,01-31-26,304,S,Layer 1
2718,Ana Silva,19/01/2026,434,S,Layer 2
2719,Pedro Marmol,01-18-26,223,0,Layer 1
2720,Ana Silva,02-04-26,224,Yes,Layer 2
2721,juan perez,2026-01-20,394,y,Layer 2
2722,Pedro Marmol,2026/01/27,238,1,Layer 2
2723,juan perez,29/01/2026,116,1,Layer 2
2724,Pedro Marmol,09/02/2026,19,Yes,Layer 2
2725,Ana Silva,2026-02-14,445,1,Software
2726,MARIA LOPEZ,17/01/2026,-57,No,Configuration
2727,Pedro Marmol,09/02/2026,-49,N,Software
2728,  carlos ruiz,2026-02-05,253,S,Layer 2
2729,MARIA LOPEZ,24/01/2026,-44,y,Layer 2
2730,MARIA LOPEZ,01-27-26,69,Yes,Layer 1
2731,Pedro Marmol,01-28-26,463,0,Layer 2
2732,  carlos ruiz,02-15-26,-91,S,Layer 2
2733,Pedro Marmol,01-17-26,426,N,Layer 2
2734,Pedro Marmol,26/01/2026,98,y,Software
2735,Ana Silva,2026-02-13,161,No,Configuration
2736,juan perez,02-08-26,44,No,Software
2737,juan perez,17/01/2026,137,0,Layer 1
2738,luis torres,2026/01/30,282,1,Software
2739,luis torres,2026-02-05,295,Yes,Layer 2
2740,luis torres,01-27-26,216,y,Layer 2
2741,  carlos ruiz,2026-02-13,366,N,Layer 1
2742,MARIA LOPEZ,2026-01-17,-14,y,Configuration
2743,Ana Silva,2026-01-31,180,1,Layer 2
2744,MARIA LOPEZ,02-15-26,410,N,Configuration
2745,MARIA LOPEZ,2026-02-02,440,1,Layer 1
2746,Pedro Marmol,2026-01-22,334,Yes,Layer 1
2747,MARIA LOPEZ,2026-02-16,472,No,Layer 2
2748,MARIA LOPEZ,15/02/2026,-85,0,Software
2749,Ana Silva,20/01/2026,388,N,Software
2750,Pedro Marmol,29/01/2026,50,S,Software
2751,MARIA LOPEZ,2026/01/21,327,S,Software
2752,juan perez,2026/01/29,218,0,Layer 1
2753,MARIA LOPEZ,01-27-26,165,No,Software
2754,juan perez,04/02/2026,-34,No,Layer 1
2755,Pedro Marmol,2026/02/01,489,y,Software
2756,MARIA LOPEZ,2026-01-26,437,No,Layer 1
2757,Ana Silva,2026/02/06,167,N,Layer 1
2758,MARIA LOPEZ,12/02/2026,340,0,Layer 1
2759,juan perez,2026/01/21,317,1,Software
2760,Ana Silva,2026-02-12,216,N,Layer 2
2761,MARIA LOPEZ,18/01/2026,278,S,Layer 2
2762,Ana Silva,31/01/2026,17,1,Layer 1
2763,Ana Silva,2026-02-10,-42,S,Configuration
2764,Pedro Marmol,01-24-26,437,S,Layer 2
2765,Pedro Marmol,2026-01-20,469,Yes,Layer 2
2766,juan perez,2026/02/09,-58,0,Layer 1
2767,Pedro Marmol,01-21-26,-65,Yes,Layer 2
2768,Ana Silva,22/01/2026,18,Yes,Layer 2
2769,juan perez,02-14-26,362,1,Configuration
2770,luis torres,04/02/2026,404,S,Configuration
2771,Ana Silva,2026-01-29,178,No,Layer 1
2772,MARIA LOPEZ,2026/02/06,406,Yes,Layer 2
2773,MARIA LOPEZ,2026/02/07,468,N,Layer 1
2774,  carlos ruiz,02-14-26,350,No,Layer 1
2775,  carlos ruiz,26/01/2026,234,y,Configuration
2776,luis torres,03/02/2026,321,Yes,Layer 2
2777,MARIA LOPEZ,2026-01-20,384,N,Configuration
2778,Pedro Marmol,2026/02/15,-95,1,Software
2779,  carlos ruiz,01-30-26,196,1,Software
2780,juan perez,2026/01/25,49,0,Software
2781,MARIA LOPEZ,02-09-26,169,1,Software
2782,luis torres,2026-01-21,139,Yes,Layer 2
2783,  carlos ruiz,2026/01/31,361,y,Layer 1
2784,juan perez,21/01/2026,416,1,Layer 1
2785,Pedro Marmol,01-18-26,422,S,Layer 1
2786,luis torres,2026-02-05,-24,Yes,Software
2787,luis torres,2026/01/18,409,1,Software
2788,  carlos ruiz,10/02/2026,43,y,Software
2789,Pedro Marmol,2026-01-25,126,S,Configuration
2790,juan perez,01-17-26,166,1,Layer 1
2791,MARIA LOPEZ,2026-02-09,152,No,Configuration
2792,juan perez,18/01/2026,-63,Yes,Software
2793,  carlos ruiz,2026/01/30,260,y,Layer 2
2794,  carlos ruiz,16/02/2026,373,0,Configuration
2795,luis torres,2026/01/25,477,N,Software
2796,  carlos ruiz,01-18-26,446,1,Software
2797,Pedro Marmol,2026-01-28,-94,Yes,Layer 2
2798,Ana Silva,2026-02-16,-12,0,Configuration
2799,MARIA LOPEZ,18/01/2026,187,Yes,Layer 2
2800,MARIA LOPEZ,2026/01/17,64,No,Configuration
2801,juan perez,02-04-26,479,Yes,Software
2802,  carlos ruiz,2026/01/27,4,S,Layer 1
2803,luis torres,2026-01-20,272,Yes,Software
2804,MARIA LOPEZ,02-15-26,365,Yes,Layer 2
2805,Pedro Marmol,02-15-26,79,Yes,Software
2806,luis torres,2026-01-31,-57,1,Configuration
2807,juan perez,17/01/2026,213,0,Configuration
2808,MARIA LOPEZ,21/01/2026,67,Yes,Layer 1
2809,Pedro Marmol,2026/01/23,250,1,Layer 2
2810,MARIA LOPEZ,2026/02/10,427,No,Configuration
2811,Pedro Marmol,2026/01/19,394,y,Layer 1
2812,luis torres,2026/01/24,306,N,Configuration
2813,juan perez,05/02/2026,174,Yes,Configuration
2814,luis torres,2026/01/27,358,S,Layer 2
2815,luis torres,2026/01/20,425,No,Layer 1
2816,Pedro Marmol,15/02/2026,59,1,Software
2817,MARIA LOPEZ,02-07-26,10,No,Software
2818,Ana Silva,26/01/2026,-76,1,Software
2819,MARIA LOPEZ,03/02/2026,337,y,Layer 1
2820,juan perez,2026-01-31,132,S,Layer 2
2821,MARIA LOPEZ,09/02/2026,94,1,Configuration
2822,Pedro Marmol,2026/02/15,396,N,Software
2823,MARIA LOPEZ,2026/01/17,114,N,Layer 2
2824,Pedro Marmol,04/02/2026,270,0,Layer 1
2825,juan perez,2026/01/23,191,S,Configuration
2826,  carlos ruiz,2026-02-03,443,Yes,Configuration
2827,Pedro Marmol,08/02/2026,466,Yes,Layer 1
2828,luis torres,2026/01/17,197,S,Layer 2
2829,  carlos ruiz,2026-02-16,298,y,Layer 2
2830,  carlos ruiz,02-11-26,184,N,Software
2831,luis torres,2026-01-28,245,Yes,Layer 2
2832,Pedro Marmol,2026-02-11,64,N,Layer 1
2833,juan perez,2026/02/10,262,S,Layer 2
2834,MARIA LOPEZ,2026/01/17,225,0,Software
2835,juan perez,2026-01-31,453,0,Software
2836,juan perez,17/01/2026,40,y,Configuration
2837,  carlos ruiz,24/01/2026,-9,0,Configuration
2838,  carlos ruiz,12/02/2026,66,No,Software
2839,Ana Silva,2026/01/28,-84,N,Layer 2
2840,  carlos ruiz,02-07-26,288,Yes,Layer 2
2841,juan perez,23/01/2026,402,Yes,Software
2842,Pedro Marmol,08/02/2026,450,N,Layer 1
2843,MARIA LOPEZ,2026/02/13,77,y,Layer 1
2844,juan perez,06/02/2026,367,No,Configuration
2845,Pedro Marmol,2026-01-29,38,No,Configuration
2846,MARIA LOPEZ,2026-02-08,-78,N,Configuration
2847,MARIA LOPEZ,01-28-26,-47,No,Configuration
2848,juan perez,2026-01-20,-84,S,Layer 2
2849,  carlos ruiz,17/01/2026,388,1,Software
2850,MARIA LOPEZ,2026-01-23,-22,N,Software
2851,Pedro Marmol,10/02/2026,-42,N,Software
2852,MARIA LOPEZ,08/02/2026,366,S,Configuration
2853,Ana Silva,2026-01-30,74,0,Layer 1
2854,Pedro Marmol,02-04-26,390,y,Configuration
2855,MARIA LOPEZ,01-31-26,64,y,Configuration
2856,Pedro Marmol,2026-01-29,104,Yes,Layer 1
2857,juan perez,23/01/2026,365,0,Layer 2
2858,Pedro Marmol,2026/01/17,-23,No,Software
2859,Ana Silva,2026-02-05,234,N,Layer 1
2860,Ana Silva,02-01-26,149,S,Software
2861,Pedro Marmol,23/01/2026,382,S,Layer 1
2862,juan perez,01-17-26,332,y,Software
2863,  carlos ruiz,02-10-26,475,No,Layer 1
2864,luis torres,18/01/2026,39,S,Layer 2
2865,  carlos ruiz,2026/02/06,234,No,Layer 2
2866,  carlos ruiz,13/02/2026,303,No,Layer 2
2867,Ana Silva,02-02-26,408,0,Layer 2
2868,luis torres,2026-01-19,205,N,Software
2869,juan perez,2026-01-19,77,0,Layer 2
2870,Ana Silva,2026/02/10,500,Yes,Configuration
2871,MARIA LOPEZ,02-15-26,467,Yes,Software
2872,juan perez,04/02/2026,414,N,Software
2873,Pedro Marmol,2026-02-11,255,1,Configuration
2874,juan perez,01-29-26,450,S,Layer 1
2875,  carlos ruiz,2026/01/22,370,No,Layer 1
2876,MARIA LOPEZ,02-12-26,347,1,Configuration
2877,Pedro Marmol,01-24-26,409,N,Software
2878,MARIA LOPEZ,10/02/2026,136,0,Software
2879,juan perez,2026-01-27,230,1,Layer 1
2880,  carlos ruiz,2026/01/18,90,y,Configuration
2881,juan perez,2026-02-05,28,y,Layer 2
2882,luis torres,02-05-26,-8,Yes,Configuration
2883,MARIA LOPEZ,2026-01-31,372,S,Software
2884,Ana Silva,2026/02/02,263,No,Configuration
2885,juan perez,2026-01-23,347,No,Layer 2
2886,Pedro Marmol,2026-01-25,358,Yes,Layer 1
2887,luis torres,2026-02-02,-47,Yes,Software
2888,Pedro Marmol,06/02/2026,472,0,Software
2889,Ana Silva,2026/02/06,372,S,Layer 1
2890,juan perez,2026-02-13,-99,Yes,Configuration
2891,juan perez,02/02/2026,431,0,Configuration
2892,luis torres,2026-01-19,251,1,Layer 1
2893,MARIA LOPEZ,2026-02-01,382,0,Configuration
2894,  carlos ruiz,02-09-26,142,S,Layer 1
2895,Ana Silva,02-10-26,-8,S,Layer 2
2896,Pedro Marmol,2026/02/16,370,N,Software
2897,juan perez,02-07-26,457,S,Layer 2
2898,Ana Silva,2026/01/24,23,No,Layer 2
2899,MARIA LOPEZ,11/02/2026,166,Yes,Layer 1
2900,  carlos ruiz,2026-01-25,275,0,Configuration
2901,Ana Silva,20/01/2026,137,No,Layer 2
2902,Pedro Marmol,2026-01-22,39,N,Layer 1
2903,juan perez,01-31-26,390,1,Layer 1
2904,juan perez,2026/02/09,254,No,Software
2905,Ana Silva,2026-02-16,137,1,Configuration
2906,MARIA LOPEZ,2026-02-03,134,S,Software
2907,  carlos ruiz,01-26-26,258,y,Layer 2
2908,Ana Silva,04/02/2026,87,S,Layer 1
2909,juan perez,28/01/2026,44,Yes,Software
2910,luis torres,2026-01-18,204,No,Layer 1
2911,Pedro Marmol,06/02/2026,102,0,Layer 1
2912,Pedro Marmol,16/02/2026,91,y,Layer 1
2913,MARIA LOPEZ,31/01/2026,84,Yes,Software
2914,luis torres,2026/01/29,284,Yes,Layer 1
2915,juan perez,02/02/2026,37,S,Layer 1
2916,Ana Silva,02-08-26,-89,y,Configuration
2917,luis torres,2026-01-28,124,y,Software
2918,MARIA LOPEZ,16/02/2026,80,1,Layer 1
2919,juan perez,2026-02-07,-88,y,Configuration
2920,Ana Silva,2026/02/01,194,0,Layer 1
2921,Pedro Marmol,02-03-26,-34,S,Layer 1
2922,MARIA LOPEZ,2026-02-05,-81,No,Layer 2
2923,MARIA LOPEZ,2026-02-04,409,No,Configuration
2924,MARIA LOPEZ,02-11-26,220,y,Layer 1
2925,juan perez,2026/02/01,193,0,Layer 2
2926,Pedro Marmol,2026-01-27,341,0,Configuration
2927,Ana Silva,2026-01-28,-88,1,Configuration
2928,  carlos ruiz,2026/02/16,281,y,Layer 2
2929,luis torres,01-24-26,140,0,Software
2930,Pedro Marmol,2026/02/12,401,1,Layer 1
2931,luis torres,2026/01/31,493,S,Software
2932,Pedro Marmol,2026/01/23,361,0,Layer 2
2933,luis torres,2026-01-18,6,y,Software
2934,luis torres,17/01/2026,334,0,Layer 2
2935,Ana Silva,19/01/2026,185,S,Layer 2
2936,Ana Silva,24/01/2026,-60,0,Layer 1
2937,Pedro Marmol,04/02/2026,275,0,Configuration
2938,Pedro Marmol,02-02-26,487,No,Layer 1
2939,Pedro Marmol,2026/02/02,364,0,Layer 1
2940,Ana Silva,2026-02-05,182,1,Software
2941,Pedro Marmol,2026/01/21,97,y,Layer 2
2942,luis torres,2026/02/14,333,No,Layer 2
2943,  carlos ruiz,2026/01/24,321,y,Software
2944,MARIA LOPEZ,20/01/2026,280,1,Layer 1
2945,Pedro Marmol,2026/02/08,282,S,Layer 2
2946,  carlos ruiz,02-14-26,247,N,Layer 2
2947,MARIA LOPEZ,20/01/2026,314,y,Layer 1
2948,luis torres,11/02/2026,-14,Yes,Layer 2
2949,  carlos ruiz,2026-01-20,403,Yes,Layer 2
2950,MARIA LOPEZ,21/01/2026,440,1,Configuration
2951,MARIA LOPEZ,2026-01-22,142,N,Layer 1
2952,juan perez,14/02/2026,-35,Yes,Layer 1
2953,juan perez,2026/02/09,447,y,Configuration
2954,juan perez,2026/02/13,442,No,Layer 1
2955,MARIA LOPEZ,22/01/2026,250,y,Software
2956,luis torres,17/01/2026,-89,Yes,Software
2957,Pedro Marmol,02-09-26,203,S,Layer 1
2958,  carlos ruiz,01-22-26,285,1,Layer 1
2959,  carlos ruiz,2026-01-26,-89,N,Layer 1
2960,  carlos ruiz,2026-01-24,337,Yes,Layer 1
2961,luis torres,2026-01-31,86,N,Layer 2
2962,Ana Silva,28/01/2026,24,S,Configuration
2963,  carlos ruiz,26/01/2026,128,1,Software
2964,MARIA LOPEZ,2026/02/02,165,No,Layer 2
2965,MARIA LOPEZ,2026-01-20,270,y,Layer 1
2966,MARIA LOPEZ,02-13-26,493,1,Configuration
2967,Ana Silva,18/01/2026,107,y,Software
2968,Ana Silva,05/02/2026,143,0,Software
2969,luis torres,2026-02-12,443,S,Configuration
2970,Ana Silva,02-09-26,-48,No,Software
2971,juan perez,01-21-26,156,1,Layer 2
2972,luis torres,2026-02-06,100,1,Layer 1
2973,juan perez,2026-01-25,143,N,Software
2974,  carlos ruiz,2026/01/25,-30,1,Layer 1
2975,Ana Silva,2026-01-21,366,1,Layer 2
2976,juan perez,2026/01/30,442,N,Layer 2
2977,MARIA LOPEZ,02-03-26,55,0,Software
2978,MARIA LOPEZ,2026-02-10,149,1,Configuration
2979,  carlos ruiz,2026-02-04,30,0,Layer 2
2980,  carlos ruiz,2026-02-13,161,No,Layer 2
2981,Ana Silva,2026/01/25,-92,y,Layer 2
2982,MARIA LOPEZ,2026/02/16,-83,N,Layer 2
2983,MARIA LOPEZ,2026/02/12,68,No,Layer 2
2984,  carlos ruiz,26/01/2026,-31,N,Software
2985,luis torres,01-22-26,75,S,Software
2986,  carlos ruiz,2026/01/28,163,y,Configuration
2987,juan perez,2026/01/25,168,N,Software
2988,Ana Silva,2026-02-12,291,y,Software
2989,  carlos ruiz,2026-02-02,170,y,Layer 1
2990,MARIA LOPEZ,2026-02-12,81,No,Software
2991,  carlos ruiz,2026-01-26,65,y,Layer 2
2992,Ana Silva,2026-02-06,371,0,Configuration
2993,luis torres,19/01/2026,-91,No,Software
2994,MARIA LOPEZ,2026-01-17,245,N,Layer 2
2995,juan perez,01/02/2026,112,No,Configuration
2996,luis torres,2026/01/26,449,Yes,Layer 2
2997,  carlos ruiz,2026-02-16,395,No,Software
2998,MARIA LOPEZ,2026-02-16,187,1,Configuration
2999,MARIA LOPEZ,16/02/2026,108,Yes,Layer 1
3000,juan perez,21/01/2026,362,N,Software
3001,juan perez,02-10-26,65,1,Layer 2
3002,Pedro Marmol,30/01/2026,428,y,Layer 2
3003,luis torres,02-01-26,38,0,Software
3004,  carlos ruiz,17/01/2026,333,S,Layer 1
3005,Pedro Marmol,2026-01-22,44,1,Layer 1
3006,juan perez,01-25-26,133,Yes,Software
3007,  carlos ruiz,12/02/2026,211,0,Software
3008,Ana Silva,02-05-26,285,Yes,Configuration
3009,luis torres,03/02/2026,127,0,Configuration
3010,luis torres,2026/01/25,354,1,Software
3011,MARIA LOPEZ,05/02/2026,15,1,Layer 1
3012,MARIA LOPEZ,2026-02-10,377,S,Configuration
3013,luis torres,2026/01/20,113,No,Layer 1
3014,Pedro Marmol,2026/02/11,31,Yes,Layer 2
3015,MARIA LOPEZ,2026-02-11,225,S,Software
3016,MARIA LOPEZ,2026-02-05,264,0,Software
3017,juan perez,02-03-26,65,Yes,Layer 2
3018,juan perez,2026/01/27,321,0,Layer 1
3019,juan perez,02-03-26,401,1,Layer 2
3020,  carlos ruiz,06/02/2026,432,y,Layer 2
3021,juan perez,2026-01-21,148,S,Layer 1
3022,luis torres,2026-01-29,333,S,Configuration
3023,MARIA LOPEZ,20/01/2026,-14,No,Configuration
3024,MARIA LOPEZ,01-25-26,134,Yes,Software
3025,Pedro Marmol,26/01/2026,480,Yes,Layer 2
3026,luis torres,02-11-26,284,Yes,Layer 2
3027,juan perez,2026/01/31,241,y,Layer 2
3028,Pedro Marmol,01-20-26,203,S,Layer 2
3029,juan perez,2026-01-22,321,y,Layer 1
3030,luis torres,02-03-26,405,y,Layer 1
3031,juan perez,18/01/2026,-70,Yes,Layer 2
3032,Pedro Marmol,2026/02/10,332,y,Configuration
3033,Ana Silva,2026-01-18,80,y,Software
3034,juan perez,2026-02-04,98,Yes,Software
3035,Ana Silva,2026-01-18,-87,Yes,Layer 1
3036,MARIA LOPEZ,2026-01-29,392,0,Layer 1
3037,MARIA LOPEZ,2026/01/31,275,S,Layer 1
3038,MARIA LOPEZ,2026/01/18,396,1,Software
3039,  carlos ruiz,2026/02/13,1,No,Configuration
3040,MARIA LOPEZ,2026-02-13,-11,1,Layer 1
3041,  carlos ruiz,25/01/2026,162,1,Configuration
3042,luis torres,2026/02/09,62,0,Software
3043,Pedro Marmol,12/02/2026,254,N,Configuration
3044,luis torres,2026-02-09,481,1,Software
3045,luis torres,2026-02-02,-41,1,Software
3046,luis torres,02-09-26,3,y,Layer 1
3047,luis torres,2026-01-31,-66,Yes,Layer 1
3048,juan perez,2026/02/07,326,S,Software
3049,MARIA LOPEZ,2026/01/29,78,1,Configuration
3050,  carlos ruiz,2026-01-19,-71,0,Configuration
3051,Ana Silva,18/01/2026,-63,S,Software
3052,luis torres,11/02/2026,4,y,Software
3053,  carlos ruiz,2026-01-28,265,N,Configuration
3054,juan perez,2026-01-21,183,1,Layer 2
3055,juan perez,02-08-26,-82,Yes,Layer 2
3056,Ana Silva,2026/02/12,-27,No,Layer 2
3057,luis torres,03/02/2026,414,Yes,Layer 1
3058,luis torres,2026-01-22,2,S,Software
3059,juan perez,2026/01/30,413,N,Configuration
3060,luis torres,2026/02/16,292,1,Software
3061,Ana Silva,02-03-26,-45,y,Layer 2
3062,MARIA LOPEZ,02-10-26,-91,No,Software
3063,Pedro Marmol,2026/01/18,200,0,Software
3064,MARIA LOPEZ,14/02/2026,472,Yes,Software
3065,Pedro Marmol,2026/01/20,125,y,Layer 1
3066,MARIA LOPEZ,29/01/2026,-13,y,Configuration
3067,  carlos ruiz,2026-02-08,-52,1,Layer 2
3068,MARIA LOPEZ,2026/02/07,425,1,Layer 1
3069,Ana Silva,2026/02/02,473,S,Layer 2
3070,MARIA LOPEZ,2026/01/17,-86,y,Configuration
3071,luis torres,2026-01-24,408,N,Configuration
3072,  carlos ruiz,2026/01/25,490,N,Layer 1
3073,luis torres,02-13-26,-13,N,Software
3074,juan perez,17/01/2026,-23,1,Software
3075,luis torres,2026-02-14,-42,y,Software
3076,Ana Silva,02-07-26,329,y,Configuration
3077,Ana Silva,2026-02-01,395,N,Software
3078,juan perez,2026-01-30,325,No,Software
3079,luis torres,2026/01/29,228,S,Layer 2
3080,  carlos ruiz,22/01/2026,103,1,Layer 1
3081,Pedro Marmol,17/01/2026,271,1,Layer 2
3082,luis torres,2026/02/04,325,N,Configuration
3083,luis torres,01-23-26,239,No,Layer 2
3084,luis torres,2026/02/07,263,N,Layer 1
3085,MARIA LOPEZ,2026-02-06,-47,y,Layer 2
3086,juan perez,02/02/2026,343,S,Layer 2
3087,  carlos ruiz,01-28-26,486,y,Layer 2
3088,luis torres,01-27-26,215,Yes,Layer 1
3089,Ana Silva,2026-02-10,275,Yes,Layer 1
3090,juan perez,01-24-26,68,Yes,Layer 2
3091,juan perez,2026/01/22,130,y,Software
3092,  carlos ruiz,02-08-26,377,No,Layer 1
3093,juan perez,01-27-26,16,0,Layer 2
3094,MARIA LOPEZ,01-28-26,68,No,Layer 2
3095,luis torres,02-08-26,82,0,Configuration
3096,MARIA LOPEZ,31/01/2026,417,y,Layer 1
3097,juan perez,01-17-26,-10,1,Layer 2
3098,Pedro Marmol,01-26-26,221,y,Layer 2
3099,juan perez,2026-01-26,395,1,Layer 1
3100,Pedro Marmol,28/01/2026,-97,0,Layer 1
3101,  carlos ruiz,2026-02-12,392,0,Layer 2
3102,juan perez,13/02/2026,473,Yes,Layer 1
3103,luis torres,2026/01/26,53,Yes,Software
3104,  carlos ruiz,02-08-26,369,1,Layer 1
3105,Ana Silva,2026/01/30,320,S,Configuration
3106,juan perez,2026/01/20,295,N,Software
3107,Ana Silva,2026/02/14,-94,Yes,Layer 1
3108,Ana Silva,24/01/2026,-7,0,Configuration
3109,Ana Silva,2026-02-04,105,1,Software
3110,Ana Silva,31/01/2026,2,N,Configuration
3111,MARIA LOPEZ,02-06-26,448,Yes,Layer 2
3112,MARIA LOPEZ,2026/01/22,-97,Yes,Configuration
3113,juan perez,2026-01-23,384,N,Layer 1
3114,luis torres,30/01/2026,53,No,Layer 1
3115,Pedro Marmol,28/01/2026,431,No,Layer 1
3116,  carlos ruiz,01-25-26,199,S,Layer 2
3117,Pedro Marmol,24/01/2026,445,y,Configuration
3118,juan perez,2026/02/10,109,Yes,Software
3119,  carlos ruiz,18/01/2026,428,1,Configuration
3120,juan perez,2026-02-12,-44,1,Configuration
3121,MARIA LOPEZ,2026-01-29,90,0,Configuration
3122,MARIA LOPEZ,2026/02/13,426,y,Layer 1
3123,luis torres,02-02-26,263,0,Layer 2
3124,MARIA LOPEZ,01-25-26,316,0,Layer 2
3125,MARIA LOPEZ,2026/02/13,406,N,Layer 2
3126,Ana Silva,2026/01/27,313,N,Configuration
3127,Pedro Marmol,29/01/2026,228,No,Layer 2
3128,  carlos ruiz,01-24-26,42,1,Configuration
3129,Ana Silva,01-25-26,373,No,Layer 2
3130,Ana Silva,03/02/2026,-69,N,Layer 1
3131,MARIA LOPEZ,2026-02-15,266,S,Layer 1
3132,juan perez,07/02/2026,73,S,Layer 1
3133,juan perez,02-03-26,379,y,Software
3134,Pedro Marmol,2026-02-14,-34,0,Configuration
3135,juan perez,02-07-26,-3,y,Configuration
3136,MARIA LOPEZ,31/01/2026,360,N,Software
3137,Ana Silva,01-25-26,118,S,Layer 2
3138,MARIA LOPEZ,2026-02-15,386,No,Layer 2
3139,Ana Silva,2026-02-08,411,Yes,Configuration
3140,  carlos ruiz,22/01/2026,150,0,Layer 2
3141,luis torres,2026-02-05,148,0,Software
3142,MARIA LOPEZ,2026/01/19,-37,Yes,Layer 1
3143,luis torres,08/02/2026,-29,y,Software
3144,Pedro Marmol,2026-01-29,450,Yes,Layer 1
3145,  carlos ruiz,29/01/2026,463,No,Layer 1
3146,Pedro Marmol,2026-01-19,291,Yes,Configuration
3147,Pedro Marmol,02-14-26,379,No,Layer 1
3148,Pedro Marmol,2026-01-28,227,Yes,Layer 2
3149,Ana Silva,2026/02/16,319,N,Software
3150,  carlos ruiz,25/01/2026,261,Yes,Software
3151,  carlos ruiz,2026/01/20,428,S,Software
3152,luis torres,02-05-26,337,y,Layer 1
3153,  carlos ruiz,12/02/2026,342,1,Software
3154,juan perez,2026-02-04,283,No,Software
3155,luis torres,2026/02/13,212,y,Configuration
3156,Pedro Marmol,01-24-26,-63,Yes,Configuration
3157,  carlos ruiz,2026/02/10,159,0,Software
3158,Pedro Marmol,2026/01/21,142,1,Layer 2
3159,Ana Silva,2026-01-18,129,Yes,Software
3160,luis torres,22/01/2026,155,1,Software
3161,MARIA LOPEZ,2026-01-20,371,No,Software
3162,Ana Silva,2026/02/08,127,y,Layer 2
3163,  carlos ruiz,2026-02-03,50,y,Configuration
3164,luis torres,01-18-26,94,N,Layer 2
3165,MARIA LOPEZ,08/02/2026,101,S,Software
3166,Pedro Marmol,02-06-26,-56,1,Configuration
3167,Pedro Marmol,2026/02/08,81,No,Layer 2
3168,Pedro Marmol,01-22-26,69,1,Configuration
3169,luis torres,24/01/2026,115,N,Configuration
3170,  carlos ruiz,2026-02-04,424,y,Configuration
3171,juan perez,02-02-26,167,1,Configuration
3172,juan perez,25/01/2026,114,y,Layer 1
3173,luis torres,19/01/2026,359,y,Software
3174,Pedro Marmol,05/02/2026,120,0,Software
3175,Ana Silva,2026-01-28,-7,Yes,Configuration
3176,MARIA LOPEZ,2026/01/20,452,y,Layer 2
3177,MARIA LOPEZ,25/01/2026,173,S,Layer 2
3178,  carlos ruiz,04/02/2026,483,0,Layer 1
3179,Ana Silva,2026-02-07,241,Yes,Layer 2
3180,MARIA LOPEZ,19/01/2026,483,N,Layer 1
3181,  carlos ruiz,01-30-26,375,0,Configuration
3182,Pedro Marmol,01-27-26,420,y,Layer 1
3183,Pedro Marmol,2026/02/05,401,No,Software
3184,juan perez,2026/02/06,-40,1,Configuration
3185,Ana Silva,2026/01/20,-91,0,Layer 1
3186,juan perez,02-12-26,306,1,Layer 2
3187,MARIA LOPEZ,20/01/2026,458,S,Configuration
3188,Ana Silva,01-22-26,147,No,Layer 2
3189,MARIA LOPEZ,12/02/2026,214,1,Layer 2
3190,Ana Silva,2026-01-20,-44,N,Software
3191,Ana Silva,01-30-26,-37,Yes,Layer 2
3192,luis torres,27/01/2026,416,1,Software
3193,  carlos ruiz,02-06-26,38,Yes,Layer 1
3194,  carlos ruiz,2026/02/09,26,N,Configuration
3195,Pedro Marmol,2026-01-20,417,y,Layer 1
3196,MARIA LOPEZ,02-14-26,68,1,Configuration
3197,Pedro Marmol,2026/01/24,59,N,Layer 1
3198,luis torres,2026-01-30,52,S,Software
3199,luis torres,07/02/2026,347,No,Software
3200,juan perez,2026/02/10,44,1,Layer 1
3201,  carlos ruiz,21/01/2026,371,0,Software
3202,  carlos ruiz,19/01/2026,-72,1,Layer 2
3203,Ana Silva,10/02/2026,-65,1,Configuration
3204,Ana Silva,2026-01-19,-82,N,Layer 2
3205,luis torres,17/01/2026,196,Yes,Configuration
3206,Ana Silva,2026/02/02,231,0,Layer 1
3207,  carlos ruiz,16/02/2026,353,y,Layer 2
3208,Pedro Marmol,06/02/2026,-99,N,Layer 2
3209,  carlos ruiz,2026-01-29,317,y,Layer 2
3210,  carlos ruiz,2026/02/07,248,Yes,Configuration
3211,Pedro Marmol,2026-02-12,-6,y,Software
3212,  carlos ruiz,02-12-26,87,No,Layer 1
3213,Pedro Marmol,14/02/2026,-88,Yes,Software
3214,MARIA LOPEZ,06/02/2026,69,Yes,Layer 1
3215,Pedro Marmol,02-14-26,21,No,Configuration
3216,MARIA LOPEZ,30/01/2026,25,N,Layer 1
3217,  carlos ruiz,02-06-26,120,y,Software
3218,Pedro Marmol,2026-01-24,99,Yes,Layer 2
3219,Pedro Marmol,2026/02/16,379,No,Layer 2
3220,  carlos ruiz,15/02/2026,114,Yes,Software
3221,Ana Silva,2026-02-01,257,1,Layer 2
3222,Pedro Marmol,13/02/2026,-63,1,Configuration
3223,  carlos ruiz,16/02/2026,239,0,Configuration
3224,luis torres,04/02/2026,320,S,Layer 2
3225,Ana Silva,2026/02/15,466,0,Software
3226,juan perez,2026-01-26,159,S,Configuration
3227,Ana Silva,2026-02-03,271,y,Configuration
3228,juan perez,31/01/2026,435,S,Software
3229,Ana Silva,02-13-26,-59,0,Software
3230,MARIA LOPEZ,2026/01/25,-45,No,Configuration
3231,Ana Silva,2026/02/01,247,N,Layer 2
3232,Pedro Marmol,17/01/2026,378,N,Layer 1
3233,  carlos ruiz,02-03-26,283,y,Software
3234,juan perez,10/02/2026,490,Yes,Software
3235,  carlos ruiz,2026/02/11,349,Yes,Layer 2
3236,Ana Silva,02-01-26,388,N,Layer 1
3237,juan perez,15/02/2026,92,0,Layer 1
3238,juan perez,01-26-26,321,S,Layer 2
3239,  carlos ruiz,09/02/2026,2,1,Software
3240,MARIA LOPEZ,2026-01-26,72,No,Configuration
3241,Pedro Marmol,2026-02-07,367,S,Layer 2
3242,MARIA LOPEZ,01/02/2026,370,N,Layer 1
3243,Ana Silva,2026/02/08,374,No,Configuration
3244,luis torres,2026-02-01,175,N,Software
3245,juan perez,2026/01/19,185,N,Software
3246,juan perez,16/02/2026,224,y,Layer 1
3247,Ana Silva,01-18-26,365,Yes,Layer 1
3248,MARIA LOPEZ,2026/02/09,27,y,Software
3249,  carlos ruiz,2026-02-14,300,N,Configuration
3250,Ana Silva,02-02-26,-96,0,Layer 1
3251,  carlos ruiz,02-08-26,491,y,Layer 2
3252,luis torres,01-22-26,-77,S,Configuration
3253,luis torres,01-24-26,306,1,Layer 1
3254,Pedro Marmol,01-19-26,148,Yes,Layer 2
3255,luis torres,02-10-26,149,Yes,Layer 1
3256,Ana Silva,2026-01-17,262,N,Software
3257,Ana Silva,2026-01-17,151,No,Configuration
3258,Pedro Marmol,2026-01-23,-25,N,Layer 1
3259,juan perez,29/01/2026,90,N,Configuration
3260,Ana Silva,2026-02-13,464,S,Layer 1
3261,Pedro Marmol,02-11-26,303,Yes,Software
3262,Pedro Marmol,02-16-26,16,0,Layer 2
3263,Ana Silva,10/02/2026,413,N,Layer 2
3264,luis torres,02/02/2026,448,1,Layer 2
3265,Ana Silva,2026/01/31,-87,N,Software
3266,Pedro Marmol,10/02/2026,262,y,Layer 2
3267,  carlos ruiz,2026-02-01,58,1,Configuration
3268,Pedro Marmol,20/01/2026,284,N,Configuration
3269,MARIA LOPEZ,31/01/2026,54,1,Configuration
3270,  carlos ruiz,2026-01-21,438,y,Layer 2
3271,juan perez,04/02/2026,-58,0,Software
3272,luis torres,2026/02/15,-46,No,Configuration
3273,juan perez,02-07-26,475,N,Software
3274,  carlos ruiz,01/02/2026,126,No,Layer 1
3275,MARIA LOPEZ,02/02/2026,361,y,Layer 2
3276,MARIA LOPEZ,2026-01-20,61,Yes,Layer 2
3277,luis torres,11/02/2026,148,Yes,Software
3278,juan perez,2026-02-09,289,S,Layer 2
3279,Ana Silva,2026/02/06,180,y,Layer 1
3280,juan perez,31/01/2026,437,Yes,Configuration
3281,Ana Silva,2026-01-23,247,S,Software
3282,  carlos ruiz,01-20-26,-38,S,Layer 1
3283,  carlos ruiz,02/02/2026,434,No,Layer 2
3284,juan perez,2026/02/13,-49,1,Software
3285,Ana Silva,2026-02-01,95,0,Software
3286,juan perez,2026/02/04,336,1,Layer 1
3287,Pedro Marmol,04/02/2026,-33,S,Layer 1
3288,Ana Silva,2026-01-27,166,0,Configuration
3289,Ana Silva,2026-01-20,339,0,Layer 2
3290,Ana Silva,2026-01-18,149,No,Configuration
3291,luis torres,2026/02/14,319,Yes,Configuration
3292,MARIA LOPEZ,02-11-26,242,N,Layer 2
3293,Pedro Marmol,2026/02/09,268,No,Software
3294,Ana Silva,2026/01/17,181,N,Layer 2
3295,Ana Silva,2026-02-10,41,Yes,Software
3296,  carlos ruiz,02/02/2026,428,No,Software
3297,Ana Silva,22/01/2026,290,y,Software
3298,luis torres,01-25-26,170,y,Layer 2
3299,juan perez,2026/01/28,251,No,Software
3300,MARIA LOPEZ,01-22-26,290,N,Configuration
3301,luis torres,05/02/2026,69,S,Configuration
3302,Ana Silva,15/02/2026,374,Yes,Layer 2
3303,MARIA LOPEZ,01-19-26,-96,N,Layer 1
3304,luis torres,01-26-26,142,Yes,Layer 2
3305,Pedro Marmol,2026-02-03,-21,No,Layer 1
3306,Ana Silva,2026-01-19,305,N,Software
3307,juan perez,2026-02-05,146,y,Configuration
3308,  carlos ruiz,28/01/2026,-64,No,Software
3309,juan perez,2026-02-11,-15,N,Software
3310,juan perez,01-25-26,260,No,Layer 1
3311,Pedro Marmol,02/02/2026,187,S,Layer 1
3312,juan perez,2026/02/08,217,N,Software
3313,MARIA LOPEZ,02-14-26,301,Yes,Layer 2
3314,Ana Silva,02-12-26,106,Yes,Software
3315,Ana Silva,2026/02/13,-36,No,Layer 1
3316,  carlos ruiz,2026/02/10,-98,0,Configuration
3317,MARIA LOPEZ,2026/01/22,185,0,Software
3318,Pedro Marmol,2026-02-04,60,1,Layer 2
3319,Pedro Marmol,19/01/2026,426,No,Configuration
3320,Pedro Marmol,2026-01-20,358,N,Layer 1
3321,Ana Silva,02-03-26,453,1,Software
3322,Ana Silva,01-24-26,-29,1,Layer 2
3323,Pedro Marmol,20/01/2026,100,N,Layer 2
3324,Pedro Marmol,2026-01-28,150,y,Layer 1
3325,Pedro Marmol,2026-02-13,124,N,Configuration
3326,luis torres,2026/02/08,308,1,Layer 1
3327,Pedro Marmol,2026-01-25,-95,S,Layer 1
3328,Pedro Marmol,01-28-26,-47,S,Configuration
3329,Pedro Marmol,2026-01-24,179,No,Configuration
3330,Pedro Marmol,02-07-26,53,No,Software
3331,luis torres,29/01/2026,79,0,Software
3332,  carlos ruiz,2026/01/28,6,1,Configuration
3333,luis torres,2026-01-17,-82,1,Layer 2
3334,Ana Silva,01-21-26,-60,N,Software
3335,MARIA LOPEZ,01-28-26,-34,1,Layer 1
3336,juan perez,01-24-26,70,No,Layer 2
3337,juan perez,02-10-26,70,Yes,Software
3338,MARIA LOPEZ,2026-01-27,340,N,Layer 1
3339,Pedro Marmol,2026/01/28,437,0,Layer 1
3340,Pedro Marmol,2026-01-19,-98,y,Software
3341,Ana Silva,02-09-26,470,N,Layer 1
3342,juan perez,02-04-26,452,Yes,Layer 1
3343,luis torres,23/01/2026,444,y,Layer 1
3344,juan perez,2026-02-06,204,N,Layer 2
3345,Ana Silva,2026-02-11,-57,S,Configuration
3346,Pedro Marmol,08/02/2026,282,S,Layer 1
3347,Pedro Marmol,2026/02/03,205,0,Software
3348,luis torres,03/02/2026,450,0,Layer 1
3349,luis torres,02-04-26,80,Yes,Software
3350,luis torres,02-11-26,-42,Yes,Layer 1
3351,luis torres,24/01/2026,474,Yes,Layer 2
3352,Ana Silva,2026/02/09,93,y,Software
3353,Pedro Marmol,31/01/2026,481,No,Software
3354,  carlos ruiz,2026/02/09,87,S,Configuration
3355,MARIA LOPEZ,2026-01-28,99,y,Software
3356,juan perez,01-20-26,40,0,Layer 1
3357,luis torres,01-27-26,109,0,Configuration
3358,Ana Silva,07/02/2026,38,y,Software
3359,juan perez,02/02/2026,-45,S,Configuration
3360,juan perez,10/02/2026,387,S,Configuration
3361,MARIA LOPEZ,01-26-26,48,No,Configuration
3362,juan perez,26/01/2026,80,Yes,Configuration
3363,luis torres,02-14-26,148,1,Software
3364,Pedro Marmol,2026-02-10,225,y,Layer 1
3365,Ana Silva,2026/02/10,424,1,Configuration
3366,MARIA LOPEZ,02-12-26,35,y,Layer 2
3367,Ana Silva,21/01/2026,-18,N,Configuration
3368,MARIA LOPEZ,2026-02-04,-80,Yes,Layer 2
3369,Ana Silva,2026-02-12,75,N,Layer 1
3370,Pedro Marmol,2026/02/06,-5,S,Configuration
3371,Pedro Marmol,02-07-26,-77,1,Software
3372,MARIA LOPEZ,08/02/2026,103,N,Layer 1
3373,MARIA LOPEZ,2026/01/24,80,0,Layer 1
3374,Ana Silva,01-25-26,-60,1,Layer 2
3375,Ana Silva,2026/01/31,464,1,Layer 1
3376,  carlos ruiz,2026/02/01,97,N,Software
3377,luis torres,18/01/2026,-80,No,Layer 2
3378,juan perez,2026/02/16,325,N,Configuration
3379,luis torres,2026/02/13,385,1,Layer 2
3380,juan perez,02-10-26,13,S,Software
3381,MARIA LOPEZ,30/01/2026,-52,0,Software
3382,Ana Silva,02-16-26,-40,No,Configuration
3383,luis torres,02-10-26,110,y,Layer 1
3384,juan perez,02-04-26,-49,No,Layer 1
3385,  carlos ruiz,2026/01/28,116,Yes,Layer 2
3386,juan perez,2026-01-29,157,S,Layer 2
3387,MARIA LOPEZ,24/01/2026,368,S,Layer 2
3388,  carlos ruiz,2026/02/11,414,N,Layer 1
3389,MARIA LOPEZ,02-06-26,209,N,Layer 2
3390,  carlos ruiz,01-20-26,365,S,Layer 2
3391,MARIA LOPEZ,02/02/2026,303,1,Layer 1
3392,juan perez,2026/02/06,-9,y,Configuration
3393,juan perez,2026/02/13,425,N,Software
3394,Ana Silva,2026/01/18,81,N,Layer 2
3395,juan perez,2026-02-03,115,N,Layer 1
3396,  carlos ruiz,18/01/2026,144,No,Configuration
3397,juan perez,2026-02-06,405,Yes,Software
3398,MARIA LOPEZ,2026-02-03,241,Yes,Layer 2
3399,  carlos ruiz,2026-02-01,-49,No,Layer 2
3400,Pedro Marmol,01-31-26,139,1,Software
3401,luis torres,01/02/2026,58,y,Software
3402,MARIA LOPEZ,2026/01/26,429,No,Layer 1
3403,juan perez,2026/01/31,342,N,Software
3404,luis torres,05/02/2026,47,N,Layer 2
3405,  carlos ruiz,2026/02/05,270,No,Software
3406,luis torres,2026-02-03,180,0,Layer 1
3407,luis torres,16/02/2026,216,1,Configuration
3408,Pedro Marmol,2026-01-31,144,1,Configuration
3409,Ana Silva,29/01/2026,143,0,Layer 2
3410,luis torres,2026-02-01,98,1,Software
3411,luis torres,02-14-26,-65,0,Configuration
3412,Pedro Marmol,31/01/2026,-34,N,Configuration
3413,Pedro Marmol,2026/02/04,494,y,Software
3414,Ana Silva,2026/02/09,27,1,Layer 2
3415,Pedro Marmol,2026-02-10,-79,No,Software
3416,Pedro Marmol,14/02/2026,94,0,Software
3417,  carlos ruiz,2026/02/02,-88,0,Configuration
3418,  carlos ruiz,2026/02/06,249,1,Layer 2
3419,MARIA LOPEZ,2026-01-17,491,No,Software
3420,Pedro Marmol,2026/01/17,150,S,Layer 2
3421,Ana Silva,2026/02/11,369,No,Layer 2
3422,Ana Silva,2026-01-18,2,N,Software
3423,MARIA LOPEZ,2026/02/13,342,N,Configuration
3424,Pedro Marmol,17/01/2026,67,S,Layer 1
3425,MARIA LOPEZ,01-22-26,57,Yes,Layer 1
3426,Pedro Marmol,22/01/2026,82,S,Layer 2
3427,luis torres,2026-01-20,97,Yes,Layer 1
3428,  carlos ruiz,2026/01/27,17,1,Layer 2
3429,luis torres,2026/02/06,16,Yes,Configuration
3430,Ana Silva,02-05-26,444,N,Layer 1
3431,MARIA LOPEZ,2026-01-30,321,Yes,Software
3432,juan perez,02-09-26,341,N,Layer 2
3433,juan perez,2026-02-03,80,No,Layer 1
3434,  carlos ruiz,02-01-26,489,Yes,Configuration
3435,  carlos ruiz,01-20-26,132,0,Configuration
3436,Pedro Marmol,2026/02/04,20,No,Software
3437,  carlos ruiz,01-24-26,199,0,Layer 1
3438,Pedro Marmol,2026-01-24,-12,S,Configuration
3439,MARIA LOPEZ,23/01/2026,296,S,Layer 2
3440,juan perez,02-12-26,133,S,Layer 2
3441,MARIA LOPEZ,02-15-26,470,S,Layer 2
3442,juan perez,2026/01/23,174,Yes,Software
3443,MARIA LOPEZ,21/01/2026,465,1,Layer 2
3444,juan perez,29/01/2026,124,Yes,Layer 2
3445,  carlos ruiz,2026-01-19,9,S,Layer 1
3446,  carlos ruiz,2026/01/20,5,y,Layer 1
3447,Ana Silva,28/01/2026,454,S,Layer 2
3448,Pedro Marmol,2026-01-30,440,y,Layer 2
3449,Ana Silva,2026/02/07,435,S,Layer 2
3450,Pedro Marmol,2026/01/22,51,S,Layer 2
3451,  carlos ruiz,01-30-26,291,No,Software
3452,  carlos ruiz,02-01-26,208,No,Software
3453,luis torres,2026-02-08,478,S,Layer 1
3454,luis torres,2026-01-18,-1,1,Layer 2
3455,MARIA LOPEZ,2026-01-27,-55,N,Software
3456,luis torres,2026-01-25,444,0,Software
3457,  carlos ruiz,2026/01/22,461,N,Software
3458,Ana Silva,2026-02-16,374,Yes,Layer 1
3459,  carlos ruiz,2026-01-26,473,1,Software
3460,luis torres,2026/01/25,111,N,Configuration
3461,luis torres,02-09-26,283,0,Layer 1
3462,luis torres,28/01/2026,-87,0,Software
3463,  carlos ruiz,02-16-26,369,Yes,Software
3464,Pedro Marmol,2026-02-12,150,N,Layer 1
3465,MARIA LOPEZ,10/02/2026,43,N,Software
3466,Ana Silva,05/02/2026,-59,No,Layer 2
3467,juan perez,2026/02/03,233,Yes,Layer 1
3468,Pedro Marmol,01-24-26,393,N,Layer 2
3469,Pedro Marmol,06/02/2026,21,1,Configuration
3470,Pedro Marmol,2026-01-17,257,No,Layer 1
3471,juan perez,2026/02/12,285,Yes,Layer 2
3472,luis torres,06/02/2026,343,y,Configuration
3473,MARIA LOPEZ,2026/01/21,143,N,Software
3474,MARIA LOPEZ,25/01/2026,-42,0,Layer 1
3475,Pedro Marmol,2026-01-20,418,N,Layer 1
3476,MARIA LOPEZ,01-24-26,296,0,Software
3477,luis torres,2026/02/14,188,Yes,Layer 2
3478,  carlos ruiz,02-02-26,165,Yes,Layer 1
3479,Pedro Marmol,2026-01-25,109,Yes,Layer 2
3480,  carlos ruiz,01-18-26,312,Yes,Configuration
3481,Pedro Marmol,2026-02-12,50,N,Configuration
3482,luis torres,31/01/2026,40,No,Software
3483,  carlos ruiz,2026/02/06,451,1,Layer 2
3484,MARIA LOPEZ,01-25-26,-53,1,Software
3485,Ana Silva,2026-02-11,-86,0,Layer 2
3486,  carlos ruiz,02/02/2026,184,N,Configuration
3487,MARIA LOPEZ,2026/02/08,382,y,Layer 2
3488,Pedro Marmol,02-13-26,-9,0,Layer 1
3489,luis torres,01-19-26,-81,No,Layer 2
3490,  carlos ruiz,2026/02/11,67,y,Software
3491,MARIA LOPEZ,17/01/2026,361,Yes,Configuration
3492,juan perez,02-04-26,-45,No,Configuration
3493,Pedro Marmol,2026/02/10,305,y,Software
3494,luis torres,03/02/2026,152,Yes,Software
3495,Pedro Marmol,2026/02/06,17,S,Layer 1
3496,Pedro Marmol,01-29-26,315,S,Layer 1
3497,  carlos ruiz,2026-01-29,136,S,Software
3498,Pedro Marmol,2026-01-20,106,Yes,Layer 1
3499,juan perez,2026/01/21,58,1,Configuration
3500,juan perez,2026/01/21,277,y,Layer 1
3501,luis torres,26/01/2026,335,0,Configuration
3502,  carlos ruiz,2026/02/12,164,N,Software
3503,Ana Silva,29/01/2026,347,0,Software
3504,MARIA LOPEZ,2026/02/08,499,N,Software
3505,juan perez,2026-02-02,324,y,Layer 1
3506,Ana Silva,2026/01/26,335,S,Layer 1
3507,juan perez,14/02/2026,304,S,Layer 1
3508,juan perez,01-24-26,56,y,Software
3509,Ana Silva,01-31-26,-82,1,Configuration
3510,MARIA LOPEZ,15/02/2026,290,1,Software
3511,Ana Silva,08/02/2026,-7,N,Layer 2
3512,juan perez,2026-02-07,495,S,Layer 2
3513,MARIA LOPEZ,2026/02/06,481,1,Software
3514,luis torres,2026-02-04,246,1,Software
3515,luis torres,02-04-26,413,N,Configuration
3516,Pedro Marmol,2026-01-30,441,y,Software
3517,MARIA LOPEZ,2026/01/20,92,S,Configuration
3518,MARIA LOPEZ,02-04-26,104,N,Configuration
3519,Ana Silva,2026-02-02,204,No,Layer 2
3520,luis torres,09/02/2026,213,0,Software
3521,MARIA LOPEZ,2026-01-22,384,No,Software
3522,Ana Silva,2026-01-20,408,1,Software
3523,juan perez,2026/01/21,373,0,Layer 1
3524,luis torres,27/01/2026,-24,Yes,Software
3525,luis torres,2026/01/17,450,0,Software
3526,luis torres,01-17-26,38,Yes,Layer 1
3527,  carlos ruiz,30/01/2026,221,S,Layer 1
3528,Ana Silva,02-15-26,98,No,Layer 1
3529,  carlos ruiz,02-03-26,272,S,Configuration
3530,Ana Silva,2026-01-29,85,1,Configuration
3531,  carlos ruiz,01-20-26,59,No,Layer 2
3532,MARIA LOPEZ,01-18-26,25,No,Layer 2
3533,luis torres,02-03-26,358,S,Software
3534,luis torres,09/02/2026,222,S,Layer 1
3535,Ana Silva,01/02/2026,404,N,Software
3536,MARIA LOPEZ,02-13-26,386,0,Layer 1
3537,luis torres,2026/02/14,-33,1,Software
3538,juan perez,12/02/2026,350,S,Configuration
3539,Pedro Marmol,2026/01/26,228,0,Layer 2
3540,luis torres,2026-02-04,82,y,Software
3541,MARIA LOPEZ,2026/02/10,254,S,Layer 2
3542,MARIA LOPEZ,2026/01/22,-62,1,Configuration
3543,  carlos ruiz,2026-01-24,120,1,Software
3544,  carlos ruiz,2026/02/14,-12,S,Layer 2
3545,  carlos ruiz,2026/02/09,428,No,Software
3546,luis torres,2026/01/18,195,y,Layer 1
3547,MARIA LOPEZ,2026/02/10,475,No,Configuration
3548,MARIA LOPEZ,01-18-26,11,y,Layer 2
3549,Pedro Marmol,02-10-26,72,S,Layer 2
3550,MARIA LOPEZ,2026-02-09,492,Yes,Configuration
3551,  carlos ruiz,23/01/2026,337,N,Layer 2
3552,Pedro Marmol,26/01/2026,216,Yes,Layer 2
3553,luis torres,13/02/2026,456,N,Configuration
3554,luis torres,2026-02-14,288,S,Layer 2
3555,MARIA LOPEZ,17/01/2026,-93,1,Software
3556,  carlos ruiz,30/01/2026,164,N,Software
3557,Pedro Marmol,2026/02/02,406,0,Layer 1
3558,MARIA LOPEZ,01/02/2026,383,1,Software
3559,  carlos ruiz,02-02-26,419,S,Software
3560,juan perez,20/01/2026,-42,Yes,Configuration
3561,MARIA LOPEZ,2026-01-17,281,1,Software
3562,MARIA LOPEZ,2026-01-31,303,y,Layer 2
3563,juan perez,2026-01-26,236,S,Software
3564,juan perez,2026/02/09,-70,Yes,Configuration
3565,juan perez,25/01/2026,49,y,Layer 2
3566,Pedro Marmol,2026-01-20,410,1,Layer 1
3567,luis torres,30/01/2026,270,N,Layer 1
3568,Pedro Marmol,01-29-26,56,S,Layer 1
3569,Ana Silva,01-28-26,215,1,Configuration
3570,MARIA LOPEZ,2026-01-22,313,1,Layer 2
3571,Pedro Marmol,01-29-26,-28,Yes,Layer 2
3572,luis torres,01-21-26,413,0,Configuration
3573,  carlos ruiz,2026-02-10,337,N,Layer 1
3574,Ana Silva,2026/01/17,-54,Yes,Software
3575,luis torres,2026/02/01,497,0,Layer 1
3576,Ana Silva,05/02/2026,261,S,Configuration
3577,luis torres,02-13-26,180,y,Software
3578,Ana Silva,02-13-26,291,y,Layer 1
3579,Ana Silva,2026-01-21,33,N,Software
3580,  carlos ruiz,02-01-26,121,1,Layer 1
3581,Ana Silva,05/02/2026,70,1,Configuration
3582,Pedro Marmol,2026/02/08,249,No,Layer 1
3583,luis torres,2026/02/07,374,0,Configuration
3584,Pedro Marmol,01-29-26,407,S,Software
3585,luis torres,2026/02/02,354,No,Layer 1
3586,Pedro Marmol,2026-02-03,325,No,Layer 1
3587,MARIA LOPEZ,01-27-26,367,1,Configuration
3588,MARIA LOPEZ,22/01/2026,275,N,Configuration
3589,  carlos ruiz,2026/02/14,437,S,Layer 1
3590,  carlos ruiz,2026-02-15,29,y,Configuration
3591,juan perez,2026/01/30,365,N,Layer 2
3592,Ana Silva,07/02/2026,23,Yes,Software
3593,Ana Silva,26/01/2026,299,1,Software
3594,MARIA LOPEZ,11/02/2026,309,y,Configuration
3595,  carlos ruiz,2026-01-24,463,No,Software
3596,luis torres,02-02-26,-40,N,Configuration
3597,luis torres,28/01/2026,272,N,Software
3598,luis torres,20/01/2026,76,1,Layer 2
3599,Ana Silva,2026/01/30,50,1,Software
3600,Pedro Marmol,2026-01-20,31,1,Layer 1
3601,  carlos ruiz,2026-02-08,-51,0,Layer 1
3602,Ana Silva,01-23-26,483,N,Layer 1
3603,juan perez,02-01-26,173,0,Software
3604,MARIA LOPEZ,11/02/2026,255,1,Layer 2
3605,MARIA LOPEZ,29/01/2026,272,N,Software
3606,  carlos ruiz,2026-02-13,337,N,Layer 2
3607,Pedro Marmol,01-30-26,189,No,Layer 2
3608,juan perez,2026/01/27,112,1,Layer 1
3609,Pedro Marmol,2026-01-22,25,No,Layer 2
3610,luis torres,17/01/2026,-12,S,Layer 2
3611,Pedro Marmol,2026/01/20,301,y,Layer 2
3612,  carlos ruiz,2026-01-21,433,Yes,Configuration
3613,MARIA LOPEZ,2026/02/01,76,N,Configuration
3614,MARIA LOPEZ,01/02/2026,454,y,Layer 1
3615,  carlos ruiz,2026/01/30,221,N,Software
3616,Ana Silva,02-12-26,203,y,Layer 1
3617,Ana Silva,22/01/2026,94,Yes,Layer 1
3618,MARIA LOPEZ,01-22-26,-51,y,Configuration
3619,luis torres,11/02/2026,354,y,Layer 1
3620,juan perez,02-06-26,429,1,Layer 2
3621,Ana Silva,2026-01-23,-22,N,Software
3622,  carlos ruiz,02-09-26,50,1,Layer 2
3623,juan perez,12/02/2026,18,0,Software
3624,MARIA LOPEZ,02-16-26,-37,y,Configuration
3625,juan perez,2026-02-02,233,No,Software
3626,luis torres,01-18-26,444,0,Layer 1
3627,Ana Silva,2026-02-03,327,Yes,Software
3628,luis torres,2026/02/02,318,S,Configuration
3629,MARIA LOPEZ,08/02/2026,483,N,Layer 2
3630,luis torres,14/02/2026,469,S,Layer 1
3631,Pedro Marmol,2026/02/02,112,S,Software
3632,MARIA LOPEZ,15/02/2026,111,y,Layer 2
3633,luis torres,10/02/2026,45,Yes,Layer 2
3634,Pedro Marmol,2026/02/10,-72,1,Software
3635,Pedro Marmol,01-31-26,284,0,Configuration
3636,  carlos ruiz,2026-02-11,131,1,Layer 2
3637,Ana Silva,02-01-26,-8,0,Layer 1
3638,MARIA LOPEZ,09/02/2026,7,y,Configuration
3639,luis torres,2026-01-21,496,0,Layer 1
3640,luis torres,2026-02-02,498,S,Layer 2
3641,juan perez,2026/01/31,379,S,Layer 1
3642,Ana Silva,27/01/2026,180,N,Layer 2
3643,juan perez,2026/01/29,183,0,Layer 1
3644,luis torres,18/01/2026,204,Yes,Configuration
3645,juan perez,02-12-26,-45,S,Layer 2
3646,juan perez,2026-01-18,447,N,Configuration
3647,Ana Silva,2026/02/09,143,y,Layer 2
3648,MARIA LOPEZ,31/01/2026,36,Yes,Configuration
3649,juan perez,2026/02/05,217,Yes,Layer 2
3650,luis torres,16/02/2026,314,N,Configuration
3651,  carlos ruiz,01-27-26,80,y,Layer 1
3652,Ana Silva,2026-02-08,480,1,Configuration
3653,Pedro Marmol,2026/01/28,178,Yes,Configuration
3654,juan perez,2026/01/22,483,S,Layer 2
3655,MARIA LOPEZ,2026-01-29,255,y,Layer 2
3656,  carlos ruiz,2026/02/14,253,Yes,Software
3657,  carlos ruiz,17/01/2026,461,S,Configuration
3658,juan perez,12/02/2026,327,0,Layer 2
3659,juan perez,02-16-26,131,1,Layer 2
3660,luis torres,2026-01-27,241,y,Software
3661,Pedro Marmol,02-10-26,382,Yes,Layer 2
3662,juan perez,19/01/2026,402,y,Layer 1
3663,juan perez,31/01/2026,143,N,Layer 1
3664,juan perez,01-18-26,103,No,Configuration
3665,luis torres,01-31-26,353,y,Configuration
3666,MARIA LOPEZ,02/02/2026,411,Yes,Layer 1
3667,juan perez,2026-02-03,139,0,Configuration
3668,MARIA LOPEZ,02-13-26,343,No,Layer 1
3669,juan perez,01-19-26,-34,N,Layer 2
3670,MARIA LOPEZ,2026-01-28,3,y,Software
3671,luis torres,01-20-26,499,N,Layer 1
3672,juan perez,25/01/2026,376,S,Layer 2
3673,Pedro Marmol,02-16-26,148,No,Layer 2
3674,  carlos ruiz,2026/02/02,19,1,Configuration
3675,Pedro Marmol,2026-01-26,357,No,Software
3676,juan perez,2026/01/18,284,0,Layer 1
3677,Ana Silva,2026/01/22,62,1,Layer 1
3678,luis torres,02-03-26,473,1,Software
3679,MARIA LOPEZ,2026/01/29,-7,S,Configuration
3680,Ana Silva,2026/01/19,79,Yes,Layer 1
3681,  carlos ruiz,2026-01-17,33,S,Software
3682,Pedro Marmol,02-16-26,-87,No,Layer 1
3683,Pedro Marmol,2026-02-14,146,1,Software
3684,Pedro Marmol,02-16-26,-58,0,Layer 2
3685,  carlos ruiz,01-18-26,456,0,Configuration
3686,Ana Silva,02-05-26,142,No,Software
3687,MARIA LOPEZ,02-14-26,296,No,Layer 1
3688,luis torres,2026/01/23,410,0,Layer 1
3689,  carlos ruiz,05/02/2026,494,0,Layer 2
3690,juan perez,2026/01/27,448,N,Software
3691,juan perez,2026-01-18,404,0,Configuration
3692,Pedro Marmol,2026-01-22,176,Yes,Configuration
3693,MARIA LOPEZ,2026-02-13,63,No,Layer 1
3694,MARIA LOPEZ,14/02/2026,74,S,Layer 1
3695,Pedro Marmol,21/01/2026,93,No,Configuration
3696,luis torres,2026/02/02,114,y,Software
3697,Pedro Marmol,2026-01-21,95,N,Configuration
3698,  carlos ruiz,2026/02/03,362,No,Configuration
3699,Ana Silva,07/02/2026,317,0,Layer 2
3700,Ana Silva,28/01/2026,120,N,Configuration
3701,juan perez,2026/02/08,219,0,Software
3702,  carlos ruiz,2026/02/02,234,0,Layer 1
3703,juan perez,02-02-26,113,S,Layer 1
3704,MARIA LOPEZ,23/01/2026,-11,No,Layer 1
3705,Pedro Marmol,2026-02-06,56,Yes,Layer 1
3706,Pedro Marmol,28/01/2026,91,1,Layer 2
3707,MARIA LOPEZ,21/01/2026,437,N,Software
3708,  carlos ruiz,01-19-26,375,y,Layer 2
3709,juan perez,2026/02/08,16,No,Configuration
3710,luis torres,2026-02-10,165,Yes,Layer 2
3711,juan perez,2026-02-11,210,S,Software
3712,juan perez,02-11-26,491,N,Layer 2
3713,Pedro Marmol,22/01/2026,-30,1,Layer 1
3714,MARIA LOPEZ,2026-02-10,229,N,Configuration
3715,MARIA LOPEZ,2026/02/16,304,Yes,Configuration
3716,  carlos ruiz,04/02/2026,305,y,Layer 1
3717,juan perez,2026-02-11,164,y,Layer 2
3718,Pedro Marmol,05/02/2026,185,N,Software
3719,Pedro Marmol,2026-02-15,-97,No,Layer 2
3720,Ana Silva,17/01/2026,446,0,Software
3721,Ana Silva,2026-01-19,269,S,Layer 1
3722,juan perez,2026-02-04,245,0,Configuration
3723,Pedro Marmol,22/01/2026,296,Yes,Configuration
3724,luis torres,2026-01-31,462,S,Software
3725,MARIA LOPEZ,01-25-26,159,Yes,Configuration
3726,  carlos ruiz,2026-02-10,-90,Yes,Layer 1
3727,Ana Silva,02-02-26,488,y,Layer 1
3728,Pedro Marmol,2026-01-24,351,1,Software
3729,luis torres,2026-02-06,359,0,Software
3730,  carlos ruiz,06/02/2026,402,S,Layer 2
3731,luis torres,2026/01/18,69,N,Software
3732,luis torres,02-06-26,217,y,Layer 1
3733,MARIA LOPEZ,2026-01-22,381,0,Software
3734,luis torres,02-03-26,163,No,Layer 1
3735,MARIA LOPEZ,2026-01-27,39,y,Layer 1
3736,luis torres,2026-02-09,-50,N,Layer 2
3737,Pedro Marmol,29/01/2026,183,y,Layer 1
3738,MARIA LOPEZ,17/01/2026,189,S,Layer 2
3739,luis torres,2026/02/07,-59,0,Layer 1
3740,Pedro Marmol,06/02/2026,105,1,Software
3741,juan perez,2026/01/24,200,1,Configuration
3742,juan perez,22/01/2026,-17,Yes,Software
3743,  carlos ruiz,2026/01/30,-70,No,Layer 2
3744,luis torres,04/02/2026,489,y,Layer 2
3745,juan perez,02-12-26,318,1,Software
3746,  carlos ruiz,28/01/2026,481,Yes,Layer 1
3747,  carlos ruiz,2026/01/21,313,N,Software
3748,juan perez,2026-02-05,301,Yes,Software
3749,Ana Silva,30/01/2026,340,y,Configuration
3750,Pedro Marmol,2026-02-14,296,0,Software
3751,Pedro Marmol,10/02/2026,10,No,Configuration
3752,  carlos ruiz,02-08-26,375,N,Configuration
3753,Ana Silva,01-27-26,155,N,Layer 2
3754,Ana Silva,01-28-26,365,N,Software
3755,Ana Silva,2026/02/10,196,1,Software
3756,Pedro Marmol,2026-01-22,472,0,Configuration
3757,luis torres,01-31-26,309,N,Software
3758,Ana Silva,01-17-26,259,N,Software
3759,juan perez,2026/02/13,36,Yes,Layer 2
3760,luis torres,2026/02/03,468,Yes,Layer 1
3761,Pedro Marmol,29/01/2026,358,0,Layer 2
3762,MARIA LOPEZ,01-19-26,296,No,Configuration
3763,MARIA LOPEZ,2026-01-18,246,y,Configuration
3764,juan perez,2026/02/02,460,No,Configuration
3765,juan perez,14/02/2026,34,N,Layer 1
3766,Pedro Marmol,2026/02/05,62,S,Software
3767,  carlos ruiz,13/02/2026,250,1,Layer 2
3768,MARIA LOPEZ,2026-02-06,173,1,Layer 2
3769,  carlos ruiz,2026/02/10,155,Yes,Software
3770,luis torres,02-16-26,197,y,Configuration
3771,juan perez,2026/01/29,-4,N,Software
3772,luis torres,02-12-26,-10,Yes,Configuration
3773,Pedro Marmol,2026/01/21,12,S,Layer 2
3774,luis torres,01-23-26,173,Yes,Configuration
3775,Pedro Marmol,2026/02/16,76,No,Layer 1
3776,luis torres,04/02/2026,459,y,Configuration
3777,Pedro Marmol,2026/02/10,124,N,Configuration
3778,juan perez,01-19-26,325,0,Layer 1
3779,Ana Silva,2026/01/29,20,y,Layer 1
3780,MARIA LOPEZ,05/02/2026,313,y,Software
3781,Pedro Marmol,02-10-26,253,No,Configuration
3782,Ana Silva,01-22-26,106,1,Layer 1
3783,MARIA LOPEZ,02-15-26,-62,0,Configuration
3784,Pedro Marmol,2026/02/16,260,N,Configuration
3785,MARIA LOPEZ,01-31-26,17,1,Layer 2
3786,MARIA LOPEZ,13/02/2026,393,Yes,Software
3787,  carlos ruiz,2026/02/10,313,0,Configuration
3788,luis torres,02-02-26,79,0,Layer 1
3789,juan perez,2026-02-12,404,S,Configuration
3790,Ana Silva,2026-01-29,327,S,Software
3791,luis torres,2026-02-16,116,No,Software
3792,juan perez,02-03-26,186,y,Layer 1
3793,Ana Silva,27/01/2026,109,N,Layer 1
3794,juan perez,26/01/2026,219,0,Software
3795,Ana Silva,2026/01/30,280,N,Configuration
3796,  carlos ruiz,02-15-26,114,Yes,Software
3797,luis torres,02-16-26,394,No,Layer 1
3798,Ana Silva,01-20-26,336,N,Layer 2
3799,Ana Silva,13/02/2026,266,1,Layer 2
3800,Ana Silva,2026-02-16,253,y,Configuration
3801,Ana Silva,2026/02/16,428,S,Configuration
3802,  carlos ruiz,2026/02/04,132,0,Layer 1
3803,Pedro Marmol,2026/02/13,96,y,Configuration
3804,juan perez,2026/02/15,74,0,Software
3805,luis torres,02-08-26,-49,1,Layer 2
3806,  carlos ruiz,2026-01-30,292,y,Layer 2
3807,Ana Silva,2026-01-25,65,y,Layer 2
3808,juan perez,2026/01/21,472,No,Layer 1
3809,juan perez,07/02/2026,-32,0,Layer 2
3810,  carlos ruiz,26/01/2026,419,y,Configuration
3811,Ana Silva,27/01/2026,-63,No,Layer 2
3812,luis torres,2026-02-06,163,No,Layer 2
3813,juan perez,2026-01-28,-22,1,Layer 2
3814,luis torres,11/02/2026,-53,0,Layer 2
3815,juan perez,02-13-26,342,0,Software
3816,MARIA LOPEZ,14/02/2026,130,y,Configuration
3817,juan perez,2026-02-14,434,N,Configuration
3818,Pedro Marmol,02-14-26,260,1,Layer 1
3819,  carlos ruiz,01-26-26,378,Yes,Layer 2
3820,MARIA LOPEZ,01-19-26,51,y,Layer 2
3821,Ana Silva,2026/01/26,358,N,Layer 2
3822,  carlos ruiz,2026/02/03,442,y,Software
3823,luis torres,2026/01/25,5,Yes,Configuration
3824,  carlos ruiz,2026/02/01,276,y,Configuration
3825,juan perez,2026/01/24,308,0,Layer 2
3826,Ana Silva,2026/02/13,316,S,Layer 1
3827,juan perez,2026/01/26,2,0,Software
3828,Ana Silva,2026/02/16,-4,1,Configuration
3829,Pedro Marmol,23/01/2026,112,0,Layer 2
3830,Pedro Marmol,2026-01-21,26,Yes,Layer 2
3831,juan perez,2026/02/08,201,y,Configuration
3832,Ana Silva,30/01/2026,144,No,Software
3833,Ana Silva,2026/01/25,313,No,Layer 2
3834,Pedro Marmol,16/02/2026,369,S,Configuration
3835,MARIA LOPEZ,2026-01-27,188,y,Software
3836,MARIA LOPEZ,2026-02-13,421,No,Software
3837,juan perez,2026/02/14,-7,N,Layer 2
3838,MARIA LOPEZ,18/01/2026,236,N,Layer 1
3839,luis torres,2026/02/02,-100,No,Configuration
3840,Pedro Marmol,14/02/2026,450,No,Layer 2
3841,luis torres,12/02/2026,374,Yes,Configuration
3842,MARIA LOPEZ,2026/01/25,-4,No,Layer 1
3843,luis torres,29/01/2026,-94,S,Configuration
3844,juan perez,2026/02/12,-11,N,Software
3845,Ana Silva,2026/02/11,258,Yes,Configuration
3846,luis torres,2026-02-06,-61,N,Layer 2
3847,MARIA LOPEZ,2026/01/30,-76,Yes,Software
3848,MARIA LOPEZ,2026-02-04,287,S,Configuration
3849,Pedro Marmol,02-08-26,-38,y,Software
3850,Ana Silva,01-19-26,93,1,Layer 1
3851,  carlos ruiz,01-27-26,-82,Yes,Configuration
3852,Pedro Marmol,02-08-26,165,S,Software
3853,  carlos ruiz,2026/01/30,-53,N,Configuration
3854,luis torres,2026/02/04,355,y,Layer 1
3855,juan perez,2026/01/31,104,No,Software
3856,MARIA LOPEZ,2026-01-30,460,S,Software
3857,  carlos ruiz,2026-01-18,6,Yes,Layer 2
3858,juan perez,2026/02/13,305,N,Layer 1
3859,Pedro Marmol,2026-01-26,109,N,Configuration
3860,luis torres,2026/02/13,322,0,Configuration
3861,  carlos ruiz,2026/01/18,104,Yes,Software
3862,juan perez,2026-02-14,234,1,Layer 1
3863,MARIA LOPEZ,2026-01-24,-96,S,Configuration
3864,MARIA LOPEZ,02-10-26,258,S,Layer 1
3865,juan perez,2026/01/30,348,S,Configuration
3866,Ana Silva,02-02-26,86,No,Software
3867,juan perez,2026/01/20,59,Yes,Configuration
3868,  carlos ruiz,11/02/2026,-97,Yes,Software
3869,Pedro Marmol,15/02/2026,84,0,Layer 1
3870,Pedro Marmol,2026-02-11,419,1,Software
3871,  carlos ruiz,01-25-26,388,N,Software
3872,juan perez,02-16-26,316,y,Layer 2
3873,Ana Silva,2026/02/01,374,No,Layer 1
3874,Ana Silva,2026/02/16,52,S,Configuration
3875,juan perez,19/01/2026,461,y,Layer 2
3876,  carlos ruiz,2026/02/13,427,No,Layer 2
3877,  carlos ruiz,19/01/2026,-57,N,Configuration
3878,Ana Silva,25/01/2026,50,y,Layer 1
3879,Pedro Marmol,2026/02/10,-61,1,Software
3880,Ana Silva,2026/01/30,232,Yes,Layer 1
3881,MARIA LOPEZ,02-04-26,2,1,Configuration
3882,luis torres,2026/01/21,-18,0,Layer 2
3883,MARIA LOPEZ,2026-02-13,217,0,Layer 1
3884,luis torres,2026-02-12,54,y,Layer 2
3885,MARIA LOPEZ,2026/02/15,34,No,Layer 2
3886,Ana Silva,09/02/2026,-75,N,Layer 2
3887,luis torres,01-26-26,-96,Yes,Software
3888,juan perez,2026-01-29,172,S,Configuration
3889,MARIA LOPEZ,2026-01-17,348,0,Configuration
3890,Pedro Marmol,2026/02/02,62,Yes,Configuration
3891,Ana Silva,14/02/2026,266,Yes,Configuration
3892,Pedro Marmol,2026-02-06,-5,S,Configuration
3893,juan perez,2026-01-20,186,1,Layer 1
3894,MARIA LOPEZ,02-15-26,324,N,Layer 1
3895,Pedro Marmol,2026-02-12,52,0,Layer 1
3896,Pedro Marmol,2026/02/12,383,No,Software
3897,Pedro Marmol,2026-01-17,299,Yes,Software
3898,  carlos ruiz,22/01/2026,490,S,Layer 1
3899,Pedro Marmol,2026/02/06,266,S,Layer 2
3900,Pedro Marmol,2026-02-09,75,S,Software
3901,luis torres,2026-02-01,393,N,Configuration
3902,juan perez,2026-02-16,204,y,Software
3903,MARIA LOPEZ,2026-02-14,221,S,Software
3904,Ana Silva,2026-02-02,205,S,Software
3905,  carlos ruiz,2026-01-18,366,1,Layer 1
3906,luis torres,2026/01/23,43,1,Configuration
3907,juan perez,2026-01-27,-99,S,Layer 2
3908,MARIA LOPEZ,2026-01-28,306,Yes,Software
3909,luis torres,02-08-26,128,Yes,Layer 2
3910,Pedro Marmol,2026-02-11,320,1,Configuration
3911,Pedro Marmol,15/02/2026,5,Yes,Layer 1
3912,MARIA LOPEZ,15/02/2026,416,S,Layer 1
3913,Ana Silva,02-16-26,195,1,Layer 1
3914,Ana Silva,01-24-26,440,y,Layer 2
3915,  carlos ruiz,02-14-26,19,Yes,Layer 2
3916,Ana Silva,2026-01-25,90,Yes,Configuration
3917,  carlos ruiz,12/02/2026,314,y,Configuration
3918,MARIA LOPEZ,2026/01/24,0,No,Layer 2
3919,  carlos ruiz,2026/02/16,148,S,Layer 2
3920,Ana Silva,30/01/2026,437,N,Layer 1
3921,MARIA LOPEZ,2026-01-27,-33,Yes,Layer 2
3922,luis torres,01-21-26,208,No,Software
3923,luis torres,14/02/2026,27,0,Layer 1
3924,luis torres,2026-01-21,70,y,Configuration
3925,juan perez,24/01/2026,471,N,Layer 2
3926,juan perez,2026/01/30,407,S,Layer 2
3927,  carlos ruiz,2026-01-21,48,N,Layer 2
3928,Pedro Marmol,09/02/2026,3,No,Layer 2
3929,juan perez,2026-02-03,139,No,Configuration
3930,juan perez,2026/02/02,63,S,Configuration
3931,juan perez,01-24-26,71,1,Layer 2
3932,Ana Silva,2026-02-08,101,0,Layer 1
3933,juan perez,02-15-26,148,S,Layer 2
3934,  carlos ruiz,2026-02-04,188,N,Layer 1
3935,Ana Silva,2026/01/31,101,Yes,Configuration
3936,juan perez,01-18-26,9,No,Configuration
3937,luis torres,09/02/2026,391,No,Software
3938,  carlos ruiz,2026-02-03,323,Yes,Configuration
3939,luis torres,2026/01/24,369,Yes,Layer 2
3940,luis torres,02-07-26,102,No,Layer 2
3941,Pedro Marmol,13/02/2026,200,y,Layer 1
3942,  carlos ruiz,10/02/2026,312,N,Configuration
3943,Pedro Marmol,2026/02/11,49,1,Software
3944,luis torres,2026/01/31,-84,1,Software
3945,juan perez,2026/02/06,-77,Yes,Layer 1
3946,Ana Silva,2026/02/05,206,y,Layer 1
3947,luis torres,01-26-26,233,N,Software
3948,Pedro Marmol,2026/01/23,191,1,Configuration
3949,MARIA LOPEZ,04/02/2026,463,1,Software
3950,luis torres,2026/01/25,30,Yes,Layer 2
3951,Ana Silva,2026-01-23,336,1,Software
3952,  carlos ruiz,2026-02-13,127,S,Configuration
3953,Ana Silva,02-10-26,431,N,Layer 1
3954,Pedro Marmol,2026-02-14,101,N,Layer 1
3955,MARIA LOPEZ,02-02-26,24,0,Layer 1
3956,luis torres,2026/02/13,22,S,Layer 1
3957,Pedro Marmol,2026/02/05,-35,0,Layer 1
3958,luis torres,01-23-26,100,1,Configuration
3959,  carlos ruiz,2026/01/20,395,0,Layer 2
3960,luis torres,01-22-26,259,No,Software
3961,Ana Silva,27/01/2026,400,1,Configuration
3962,juan perez,22/01/2026,191,1,Configuration
3963,  carlos ruiz,2026/01/26,-13,0,Configuration
3964,luis torres,19/01/2026,52,N,Configuration
3965,Pedro Marmol,01-22-26,2,0,Configuration
3966,Pedro Marmol,2026-01-28,475,0,Layer 1
3967,juan perez,2026-01-25,-41,0,Layer 1
3968,luis torres,19/01/2026,92,1,Layer 2
3969,  carlos ruiz,2026-01-27,390,No,Configuration
3970,Pedro Marmol,17/01/2026,188,Yes,Layer 1
3971,MARIA LOPEZ,02-08-26,-78,N,Layer 1
3972,juan perez,19/01/2026,-81,y,Software
3973,Ana Silva,03/02/2026,436,N,Layer 1
3974,  carlos ruiz,23/01/2026,26,S,Configuration
3975,  carlos ruiz,01-23-26,36,S,Layer 2
3976,  carlos ruiz,2026-02-10,213,y,Layer 1
3977,Ana Silva,02-03-26,254,y,Layer 2
3978,Pedro Marmol,18/01/2026,231,S,Layer 2
3979,MARIA LOPEZ,2026-01-18,340,Yes,Layer 1
3980,Ana Silva,2026/01/23,261,1,Layer 1
3981,MARIA LOPEZ,01-22-26,289,1,Layer 2
3982,juan perez,2026/02/07,0,1,Layer 2
3983,  carlos ruiz,2026/01/31,26,Yes,Layer 2
3984,Pedro Marmol,21/01/2026,261,0,Layer 2
3985,Pedro Marmol,02-11-26,142,N,Configuration
3986,luis torres,12/02/2026,174,0,Layer 1
3987,  carlos ruiz,02-03-26,96,N,Layer 2
3988,luis torres,2026/01/30,-27,No,Layer 1
3989,juan perez,2026-02-08,6,No,Layer 2
3990,luis torres,22/01/2026,214,S,Configuration
3991,MARIA LOPEZ,2026-02-16,-97,Yes,Layer 1
3992,Pedro Marmol,2026-01-21,481,0,Layer 2
3993,Pedro Marmol,2026-01-20,310,y,Layer 2
3994,luis torres,2026-02-02,73,S,Software
3995,MARIA LOPEZ,2026-01-18,483,No,Software
3996,MARIA LOPEZ,2026-01-28,421,No,Configuration
3997,Pedro Marmol,07/02/2026,223,Yes,Configuration
3998,  carlos ruiz,2026-02-03,496,Yes,Configuration
3999,juan perez,2026-02-01,423,y,Layer 2
4000,juan perez,2026/01/21,164,S,Layer 1
4001,Ana Silva,2026-02-11,-5,N,Software
4002,juan perez,09/02/2026,290,y,Layer 2
4003,luis torres,2026-02-06,113,y,Software
4004,  carlos ruiz,30/01/2026,107,0,Layer 1
4005,  carlos ruiz,2026/02/12,437,y,Layer 1
4006,juan perez,02-09-26,68,No,Layer 1
4007,Ana Silva,02-08-26,96,No,Layer 2
4008,Ana Silva,2026/02/07,-73,No,Layer 2
4009,Ana Silva,2026-02-05,500,N,Configuration
4010,luis torres,2026/02/04,86,S,Layer 1
4011,  carlos ruiz,23/01/2026,103,No,Layer 2
4012,Pedro Marmol,2026-02-01,178,Yes,Configuration
4013,Pedro Marmol,2026-01-19,63,No,Layer 2
4014,  carlos ruiz,01-19-26,461,1,Layer 1
4015,MARIA LOPEZ,2026-01-18,210,Yes,Configuration
4016,MARIA LOPEZ,2026-01-25,-80,S,Configuration
4017,Pedro Marmol,01-26-26,173,y,Configuration
4018,MARIA LOPEZ,02-04-26,83,Yes,Layer 1
4019,  carlos ruiz,2026-01-24,461,1,Layer 2
4020,juan perez,15/02/2026,387,Yes,Layer 2
4021,Pedro Marmol,30/01/2026,13,1,Layer 1
4022,Pedro Marmol,09/02/2026,397,y,Layer 1
4023,MARIA LOPEZ,10/02/2026,396,y,Layer 1
4024,Pedro Marmol,2026-02-11,137,1,Layer 1
4025,MARIA LOPEZ,2026/01/24,443,0,Layer 1
4026,MARIA LOPEZ,17/01/2026,7,N,Software
4027,Pedro Marmol,2026-01-20,194,y,Software
4028,Ana Silva,02-16-26,328,N,Software
4029,MARIA LOPEZ,2026-01-29,178,No,Software
4030,juan perez,02-10-26,120,y,Layer 2
4031,MARIA LOPEZ,21/01/2026,339,N,Software
4032,Pedro Marmol,2026/01/25,478,S,Software
4033,Ana Silva,2026/02/07,385,0,Configuration
4034,juan perez,01-30-26,71,y,Layer 2
4035,Pedro Marmol,2026/02/15,384,N,Layer 1
4036,Ana Silva,2026/02/02,116,y,Layer 2
4037,juan perez,2026/02/12,-19,No,Layer 2
4038,MARIA LOPEZ,2026-01-25,327,Yes,Configuration
4039,Ana Silva,2026/01/21,209,No,Layer 1
4040,MARIA LOPEZ,2026/01/20,214,No,Layer 2
4041,  carlos ruiz,01-25-26,308,N,Software
4042,luis torres,2026/02/14,299,S,Layer 1
4043,  carlos ruiz,01-31-26,58,1,Layer 1
4044,Pedro Marmol,01-24-26,341,S,Configuration
4045,  carlos ruiz,2026-01-20,334,0,Software
4046,  carlos ruiz,01-29-26,219,N,Layer 1
4047,  carlos ruiz,09/02/2026,413,y,Layer 2
4048,luis torres,2026/01/26,310,S,Layer 2
4049,Pedro Marmol,2026/01/24,104,S,Layer 1
4050,luis torres,29/01/2026,290,S,Layer 2
4051,luis torres,2026-01-29,-81,1,Software
4052,  carlos ruiz,01-21-26,218,S,Layer 1
4053,Pedro Marmol,2026-02-16,150,y,Layer 2
4054,luis torres,02-12-26,476,Yes,Configuration
4055,Pedro Marmol,01-19-26,230,0,Layer 2
4056,  carlos ruiz,04/02/2026,336,0,Software
4057,MARIA LOPEZ,02-09-26,122,No,Software
4058,Ana Silva,2026/02/08,83,N,Layer 2
4059,Ana Silva,2026-01-27,95,1,Layer 2
4060,Pedro Marmol,2026-02-15,319,0,Software
4061,MARIA LOPEZ,2026/01/21,-53,No,Configuration
4062,MARIA LOPEZ,2026/01/26,75,N,Configuration
4063,luis torres,2026-02-10,63,y,Layer 1
4064,  carlos ruiz,01-24-26,418,0,Layer 1
4065,MARIA LOPEZ,01/02/2026,277,No,Layer 2
4066,Ana Silva,01-19-26,363,1,Layer 2
4067,Pedro Marmol,2026/02/04,-79,N,Layer 1
4068,  carlos ruiz,01-25-26,-12,Yes,Configuration
4069,juan perez,2026-01-28,8,S,Configuration
4070,luis torres,08/02/2026,340,S,Configuration
4071,Ana Silva,2026/01/30,-16,y,Layer 2
4072,luis torres,2026/01/17,284,No,Configuration
4073,juan perez,2026-02-14,478,0,Software
4074,Pedro Marmol,2026/01/19,349,Yes,Configuration
4075,Pedro Marmol,01-30-26,360,S,Layer 2
4076,MARIA LOPEZ,01-19-26,486,1,Software
4077,MARIA LOPEZ,09/02/2026,180,No,Layer 1
4078,juan perez,2026-02-15,-1,No,Layer 2
4079,Pedro Marmol,11/02/2026,-10,N,Software
4080,Ana Silva,02-13-26,20,S,Layer 1
4081,  carlos ruiz,01-18-26,100,Yes,Configuration
4082,  carlos ruiz,2026/01/25,51,0,Layer 1
4083,Pedro Marmol,02-09-26,276,y,Software
4084,Pedro Marmol,2026-02-08,497,y,Layer 2
4085,Pedro Marmol,02-11-26,320,0,Software
4086,juan perez,02-04-26,-85,1,Layer 2
4087,Ana Silva,2026-01-30,160,No,Configuration
4088,Ana Silva,02-16-26,270,S,Software
4089,MARIA LOPEZ,02/02/2026,30,y,Software
4090,MARIA LOPEZ,31/01/2026,227,N,Configuration
4091,juan perez,26/01/2026,81,N,Software
4092,juan perez,2026/01/31,373,N,Layer 1
4093,Ana Silva,01-25-26,292,No,Layer 1
4094,Pedro Marmol,2026-02-07,239,N,Configuration
4095,MARIA LOPEZ,2026-02-05,450,No,Configuration
4096,  carlos ruiz,2026/02/05,475,1,Configuration
4097,Pedro Marmol,02-10-26,-31,y,Configuration
4098,Ana Silva,06/02/2026,427,y,Configuration
4099,MARIA LOPEZ,01-24-26,-10,1,Layer 2
4100,Pedro Marmol,20/01/2026,-14,0,Layer 1
4101,Ana Silva,23/01/2026,156,1,Layer 1
4102,juan perez,02-07-26,13,Yes,Layer 1
4103,luis torres,04/02/2026,72,y,Configuration
4104,MARIA LOPEZ,2026/01/27,279,N,Software
4105,luis torres,2026/02/04,403,Yes,Software
4106,MARIA LOPEZ,2026/01/29,101,N,Software
4107,luis torres,2026-02-08,469,Yes,Software
4108,juan perez,23/01/2026,182,0,Configuration
4109,Pedro Marmol,01-26-26,170,Yes,Layer 1
4110,Ana Silva,01-22-26,-73,y,Software
4111,luis torres,01-29-26,482,Yes,Layer 1
4112,luis torres,02-03-26,235,S,Software
4113,Ana Silva,2026-01-28,102,y,Configuration
4114,MARIA LOPEZ,19/01/2026,399,0,Layer 2
4115,luis torres,08/02/2026,-21,S,Layer 2
4116,MARIA LOPEZ,02-01-26,251,0,Software
4117,juan perez,2026-01-30,-57,S,Layer 1
4118,Ana Silva,20/01/2026,85,1,Software
4119,MARIA LOPEZ,02-15-26,398,y,Layer 2
4120,Pedro Marmol,02-04-26,423,y,Configuration
4121,Pedro Marmol,08/02/2026,-90,1,Layer 2
4122,luis torres,2026-01-27,157,0,Configuration
4123,Pedro Marmol,2026-01-31,261,Yes,Layer 2
4124,  carlos ruiz,02-06-26,373,N,Layer 1
4125,juan perez,02-13-26,185,y,Layer 1
4126,luis torres,2026-02-14,65,S,Layer 2
4127,  carlos ruiz,2026/02/08,292,1,Software
4128,MARIA LOPEZ,02-15-26,-64,N,Software
4129,luis torres,13/02/2026,-42,N,Layer 2
4130,  carlos ruiz,01-24-26,354,0,Layer 2
4131,juan perez,2026-02-14,188,No,Configuration
4132,MARIA LOPEZ,27/01/2026,298,S,Configuration
4133,Pedro Marmol,02-07-26,152,Yes,Layer 1
4134,  carlos ruiz,2026-02-07,289,y,Configuration
4135,Ana Silva,05/02/2026,99,0,Layer 2
4136,  carlos ruiz,2026-01-31,77,S,Software
4137,luis torres,02-02-26,117,N,Layer 2
4138,luis torres,23/01/2026,26,N,Layer 2
4139,Pedro Marmol,23/01/2026,-6,No,Layer 1
4140,MARIA LOPEZ,2026-02-16,490,0,Configuration
4141,luis torres,2026-01-19,310,1,Configuration
4142,Pedro Marmol,2026-01-20,286,Yes,Layer 2
4143,Pedro Marmol,02-08-26,371,0,Layer 2
4144,Pedro Marmol,17/01/2026,246,0,Layer 2
4145,  carlos ruiz,2026-02-01,338,y,Configuration
4146,Ana Silva,2026-01-31,13,0,Layer 2
4147,juan perez,2026-01-23,14,1,Layer 1
4148,Ana Silva,02/02/2026,111,y,Layer 1
4149,Pedro Marmol,2026/01/24,396,No,Software
4150,  carlos ruiz,2026-01-17,41,Yes,Layer 2
4151,  carlos ruiz,2026-01-29,-22,1,Layer 2
4152,juan perez,16/02/2026,46,0,Layer 1
4153,juan perez,2026-02-11,63,1,Layer 1
4154,  carlos ruiz,2026/02/06,-24,N,Configuration
4155,  carlos ruiz,02-08-26,-23,S,Configuration
4156,  carlos ruiz,02-07-26,432,y,Layer 1
4157,juan perez,2026-02-03,443,Yes,Layer 1
4158,  carlos ruiz,16/02/2026,-81,S,Software
4159,  carlos ruiz,01-28-26,270,S,Layer 2
4160,  carlos ruiz,2026-02-09,183,No,Software
4161,Pedro Marmol,2026-02-11,500,No,Configuration
4162,Ana Silva,07/02/2026,133,No,Layer 2
4163,Pedro Marmol,23/01/2026,-8,No,Software
4164,luis torres,09/02/2026,445,N,Layer 2
4165,Pedro Marmol,26/01/2026,6,0,Configuration
4166,luis torres,16/02/2026,-82,S,Layer 2
4167,Ana Silva,2026-01-20,426,Yes,Configuration
4168,Ana Silva,24/01/2026,113,Yes,Layer 1
4169,Pedro Marmol,2026/02/16,472,y,Software
4170,juan perez,2026-01-19,483,Yes,Layer 2
4171,juan perez,21/01/2026,151,Yes,Layer 2
4172,Pedro Marmol,01/02/2026,230,S,Configuration
4173,Ana Silva,2026/02/05,335,N,Software
4174,luis torres,01-30-26,457,Yes,Software
4175,Pedro Marmol,22/01/2026,-69,No,Software
4176,Pedro Marmol,2026-01-30,198,Yes,Software
4177,MARIA LOPEZ,2026/02/08,-2,S,Layer 1
4178,luis torres,2026/01/18,477,Yes,Layer 2
4179,  carlos ruiz,02-13-26,426,S,Software
4180,luis torres,2026/02/13,411,N,Configuration
4181,luis torres,2026-02-11,419,N,Layer 1
4182,luis torres,2026/02/05,159,0,Software
4183,juan perez,2026-02-11,277,S,Software
4184,MARIA LOPEZ,2026/01/17,474,Yes,Software
4185,  carlos ruiz,2026-02-12,426,y,Layer 2
4186,Ana Silva,07/02/2026,158,No,Software
4187,Pedro Marmol,08/02/2026,14,N,Configuration
4188,Ana Silva,28/01/2026,295,No,Configuration
4189,Ana Silva,2026/02/03,-90,1,Software
4190,MARIA LOPEZ,02-16-26,380,1,Layer 1
4191,Pedro Marmol,2026/01/22,124,No,Software
4192,juan perez,2026/02/07,487,0,Software
4193,Pedro Marmol,01/02/2026,191,y,Layer 2
4194,Pedro Marmol,04/02/2026,142,1,Configuration
4195,Pedro Marmol,01-30-26,243,S,Software
4196,Ana Silva,21/01/2026,44,S,Layer 2
4197,  carlos ruiz,30/01/2026,271,y,Software
4198,  carlos ruiz,2026-02-16,417,No,Layer 1
4199,Pedro Marmol,2026-02-06,152,Yes,Software
4200,  carlos ruiz,02-11-26,132,Yes,Layer 2
4201,  carlos ruiz,02-06-26,289,No,Software
4202,MARIA LOPEZ,2026-01-27,191,0,Configuration
4203,luis torres,2026/02/09,358,No,Layer 2
4204,Ana Silva,02-10-26,269,1,Layer 2
4205,luis torres,2026-01-17,208,N,Layer 1
4206,Ana Silva,2026-02-16,147,N,Layer 2
4207,Pedro Marmol,2026/01/29,232,S,Software
4208,Ana Silva,2026/01/26,159,1,Layer 1
4209,MARIA LOPEZ,2026/01/22,76,S,Software
4210,luis torres,27/01/2026,323,Yes,Layer 2
4211,MARIA LOPEZ,2026/02/04,356,N,Configuration
4212,juan perez,2026-02-07,202,S,Software
4213,Ana Silva,06/02/2026,21,Yes,Configuration
4214,luis torres,30/01/2026,-54,1,Layer 2
4215,luis torres,2026/02/05,392,1,Layer 1
4216,Pedro Marmol,2026/02/10,257,N,Configuration
4217,Pedro Marmol,27/01/2026,-68,y,Layer 1
4218,Ana Silva,31/01/2026,391,No,Configuration
4219,Pedro Marmol,27/01/2026,88,1,Layer 2
4220,Pedro Marmol,01-31-26,127,Yes,Software
4221,  carlos ruiz,09/02/2026,440,Yes,Configuration
4222,  carlos ruiz,17/01/2026,414,1,Software
4223,Ana Silva,2026-02-02,353,1,Layer 2
4224,Pedro Marmol,29/01/2026,452,N,Layer 1
4225,luis torres,04/02/2026,463,S,Layer 2
4226,  carlos ruiz,2026-02-07,138,No,Layer 1
4227,juan perez,01-31-26,382,S,Layer 1
4228,juan perez,2026-02-01,498,N,Software
4229,juan perez,02-13-26,108,y,Software
4230,Pedro Marmol,2026/01/26,-92,S,Layer 1
4231,Pedro Marmol,01-26-26,415,Yes,Layer 1
4232,Pedro Marmol,10/02/2026,103,y,Software
4233,juan perez,02-01-26,127,0,Layer 1
4234,luis torres,02-08-26,7,0,Configuration
4235,  carlos ruiz,2026-01-21,499,S,Layer 2
4236,  carlos ruiz,2026-02-12,-62,S,Configuration
4237,MARIA LOPEZ,2026/01/20,-33,1,Layer 2
4238,Pedro Marmol,2026/01/30,138,1,Software
4239,Pedro Marmol,02-14-26,496,No,Software
4240,  carlos ruiz,10/02/2026,179,No,Layer 1
4241,MARIA LOPEZ,2026/02/05,-65,Yes,Software
4242,juan perez,01-19-26,444,1,Layer 2
4243,Ana Silva,2026-01-31,9,1,Software
4244,MARIA LOPEZ,2026-02-05,30,1,Layer 1
4245,juan perez,29/01/2026,333,S,Layer 1
4246,Pedro Marmol,01-20-26,468,N,Layer 1
4247,Ana Silva,2026-02-15,479,No,Configuration
4248,  carlos ruiz,2026-02-03,377,S,Layer 1
4249,Ana Silva,19/01/2026,245,N,Software
4250,luis torres,13/02/2026,65,S,Configuration
4251,juan perez,02-09-26,324,Yes,Software
4252,MARIA LOPEZ,2026/02/09,222,0,Configuration
4253,  carlos ruiz,02-03-26,11,1,Configuration
4254,Ana Silva,2026/01/21,476,N,Configuration
4255,MARIA LOPEZ,2026-01-30,187,1,Layer 1
4256,  carlos ruiz,2026/01/18,140,y,Layer 1
4257,  carlos ruiz,2026-01-20,284,0,Layer 2
4258,  carlos ruiz,17/01/2026,202,0,Layer 2
4259,luis torres,02-14-26,438,1,Layer 1
4260,MARIA LOPEZ,2026-02-10,-33,0,Software
4261,  carlos ruiz,02-08-26,397,y,Layer 1
4262,luis torres,2026/02/11,208,Yes,Software
4263,luis torres,01-30-26,2,S,Layer 2
4264,luis torres,2026-01-17,450,N,Layer 2
4265,  carlos ruiz,2026-02-08,145,y,Configuration
4266,luis torres,01-29-26,384,1,Layer 2
4267,Ana Silva,02-01-26,442,S,Software
4268,Pedro Marmol,05/02/2026,97,S,Layer 2
4269,Ana Silva,2026-01-19,-4,y,Configuration
4270,juan perez,2026/01/28,39,Yes,Configuration
4271,juan perez,2026/01/22,372,Yes,Software
4272,Ana Silva,2026/02/11,181,S,Configuration
4273,  carlos ruiz,2026/02/07,251,N,Layer 1
4274,luis torres,07/02/2026,492,0,Layer 2
4275,juan perez,20/01/2026,294,1,Configuration
4276,Ana Silva,2026/01/23,8,0,Layer 2
4277,juan perez,11/02/2026,406,S,Layer 2
4278,luis torres,01-19-26,168,1,Configuration
4279,luis torres,2026/02/14,352,0,Software
4280,Pedro Marmol,2026-02-12,227,1,Layer 1
4281,Ana Silva,02/02/2026,281,y,Layer 2
4282,juan perez,01-19-26,232,y,Software
4283,Pedro Marmol,2026/01/24,48,0,Layer 1
4284,Ana Silva,12/02/2026,363,1,Layer 2
4285,juan perez,2026-02-09,317,0,Layer 1
4286,juan perez,01-22-26,386,No,Layer 1
4287,  carlos ruiz,2026/02/08,-32,Yes,Configuration
4288,  carlos ruiz,31/01/2026,-9,No,Configuration
4289,MARIA LOPEZ,2026/01/25,128,No,Layer 1
4290,luis torres,2026/01/27,104,1,Layer 1
4291,MARIA LOPEZ,08/02/2026,268,1,Software
4292,juan perez,2026-01-28,49,N,Configuration
4293,luis torres,2026-02-02,-22,1,Software
4294,juan perez,13/02/2026,-71,Yes,Configuration
4295,Ana Silva,2026-01-28,364,Yes,Layer 2
4296,juan perez,30/01/2026,316,S,Software
4297,Ana Silva,2026-01-25,360,y,Layer 2
4298,MARIA LOPEZ,02-12-26,-25,y,Layer 2
4299,  carlos ruiz,2026-02-05,232,0,Configuration
4300,Pedro Marmol,2026-02-05,415,y,Software
4301,juan perez,2026-02-02,411,No,Layer 2
4302,  carlos ruiz,02-03-26,163,N,Software
4303,Ana Silva,02-01-26,-82,N,Layer 1
4304,luis torres,02-06-26,435,Yes,Configuration
4305,Ana Silva,2026/02/04,124,Yes,Layer 2
4306,luis torres,01-18-26,121,0,Configuration
4307,Ana Silva,02-13-26,421,S,Layer 1
4308,juan perez,2026/01/17,-15,No,Configuration
4309,juan perez,2026-02-03,404,N,Layer 2
4310,MARIA LOPEZ,2026/01/18,495,N,Software
4311,MARIA LOPEZ,2026-02-06,332,No,Layer 2
4312,Pedro Marmol,02-02-26,252,y,Layer 2
4313,juan perez,2026/01/17,101,y,Layer 2
4314,luis torres,26/01/2026,-96,N,Layer 2
4315,Pedro Marmol,01-21-26,452,1,Layer 1
4316,luis torres,02-12-26,-44,0,Layer 2
4317,Pedro Marmol,03/02/2026,461,No,Software
4318,MARIA LOPEZ,16/02/2026,-96,No,Layer 2
4319,  carlos ruiz,12/02/2026,57,No,Software
4320,Ana Silva,02-13-26,57,y,Software
4321,MARIA LOPEZ,02-13-26,21,No,Layer 1
4322,Ana Silva,02-01-26,390,1,Software
4323,Ana Silva,09/02/2026,289,1,Configuration
4324,Ana Silva,2026-02-08,114,y,Software
4325,Pedro Marmol,2026-02-07,263,1,Layer 2
4326,luis torres,2026-01-18,-7,y,Software
4327,  carlos ruiz,2026/01/20,30,0,Configuration
4328,  carlos ruiz,2026-02-16,160,0,Software
4329,juan perez,2026/01/29,403,S,Software
4330,Ana Silva,2026/02/09,87,S,Configuration
4331,Pedro Marmol,2026/02/07,-62,N,Software
4332,juan perez,2026/01/30,306,No,Layer 2
4333,MARIA LOPEZ,2026/02/03,465,0,Software
4334,Pedro Marmol,2026-01-18,6,y,Software
4335,juan perez,02-10-26,352,y,Configuration
4336,juan perez,2026-01-20,308,Yes,Configuration
4337,Pedro Marmol,01-27-26,153,No,Layer 2
4338,luis torres,15/02/2026,482,1,Layer 2
4339,  carlos ruiz,02-03-26,32,y,Software
4340,  carlos ruiz,01-29-26,367,S,Layer 2
4341,luis torres,02-10-26,195,No,Software
4342,MARIA LOPEZ,2026/02/03,269,Yes,Layer 1
4343,MARIA LOPEZ,2026-01-26,59,1,Layer 2
4344,luis torres,2026-01-31,88,y,Layer 2
4345,  carlos ruiz,2026/02/01,269,y,Configuration
4346,Pedro Marmol,2026-01-21,-8,N,Configuration
4347,juan perez,14/02/2026,-80,y,Software
4348,MARIA LOPEZ,2026-01-28,230,N,Layer 2
4349,luis torres,11/02/2026,267,S,Layer 1
4350,juan perez,2026-01-20,-85,y,Layer 2
4351,juan perez,15/02/2026,162,S,Configuration
4352,MARIA LOPEZ,02-14-26,275,0,Configuration
4353,juan perez,02-08-26,294,Yes,Configuration
4354,Ana Silva,01-27-26,-62,y,Configuration
4355,luis torres,31/01/2026,98,Yes,Configuration
4356,Pedro Marmol,27/01/2026,368,S,Layer 1
4357,juan perez,08/02/2026,-65,N,Layer 2
4358,MARIA LOPEZ,2026/01/27,331,No,Configuration
4359,Ana Silva,11/02/2026,-66,S,Layer 1
4360,  carlos ruiz,02-16-26,-46,Yes,Layer 2
4361,  carlos ruiz,05/02/2026,135,1,Configuration
4362,juan perez,20/01/2026,302,1,Configuration
4363,Pedro Marmol,2026-01-22,-58,N,Layer 1
4364,Pedro Marmol,2026/01/22,74,No,Layer 1
4365,Pedro Marmol,2026-01-31,375,Yes,Configuration
4366,luis torres,2026/01/17,-83,0,Software
4367,luis torres,2026-01-25,474,Yes,Software
4368,luis torres,25/01/2026,324,S,Configuration
4369,  carlos ruiz,2026/02/01,365,S,Configuration
4370,juan perez,2026/02/01,47,N,Layer 1
4371,luis torres,01-17-26,-41,y,Layer 1
4372,  carlos ruiz,2026-01-23,230,N,Layer 2
4373,Pedro Marmol,30/01/2026,104,No,Configuration
4374,  carlos ruiz,2026-02-13,169,No,Software
4375,MARIA LOPEZ,2026-01-24,165,Yes,Configuration
4376,MARIA LOPEZ,2026-01-21,337,S,Layer 1
4377,MARIA LOPEZ,2026/02/15,-37,N,Configuration
4378,Pedro Marmol,30/01/2026,215,No,Software
4379,MARIA LOPEZ,09/02/2026,493,S,Layer 1
4380,juan perez,2026-02-12,371,No,Layer 1
4381,Ana Silva,01-17-26,160,S,Configuration
4382,Pedro Marmol,11/02/2026,305,No,Layer 2
4383,juan perez,22/01/2026,-77,0,Configuration
4384,Pedro Marmol,2026/01/29,38,y,Configuration
4385,MARIA LOPEZ,2026-01-29,5,0,Layer 2
4386,luis torres,2026-01-31,302,No,Layer 1
4387,juan perez,17/01/2026,138,1,Layer 1
4388,  carlos ruiz,22/01/2026,402,Yes,Layer 2
4389,MARIA LOPEZ,02-02-26,295,y,Layer 2
4390,  carlos ruiz,28/01/2026,97,No,Layer 1
4391,MARIA LOPEZ,01-19-26,-49,1,Layer 2
4392,Ana Silva,2026/01/31,163,0,Configuration
4393,juan perez,2026-02-02,34,1,Software
4394,Ana Silva,02-11-26,302,No,Configuration
4395,juan perez,2026-02-04,102,y,Layer 2
4396,MARIA LOPEZ,15/02/2026,292,1,Layer 2
4397,luis torres,2026/02/08,421,Yes,Software
4398,luis torres,01/02/2026,58,1,Software
4399,Ana Silva,01-31-26,232,1,Configuration
4400,Ana Silva,2026/01/20,301,Yes,Layer 1
4401,Ana Silva,02-09-26,298,1,Layer 1
4402,luis torres,2026-01-17,183,1,Layer 2
4403,Pedro Marmol,2026/01/24,-57,No,Layer 2
4404,Ana Silva,10/02/2026,72,y,Layer 1
4405,Pedro Marmol,2026/02/16,405,y,Layer 1
4406,juan perez,2026-02-15,436,S,Configuration
4407,luis torres,02-16-26,148,S,Layer 2
4408,  carlos ruiz,2026-01-29,489,S,Software
4409,Pedro Marmol,18/01/2026,430,1,Layer 1
4410,MARIA LOPEZ,02-13-26,368,No,Software
4411,juan perez,02/02/2026,452,y,Software
4412,Ana Silva,2026-01-17,125,0,Layer 2
4413,MARIA LOPEZ,2026/02/03,364,y,Software
4414,luis torres,19/01/2026,311,1,Software
4415,luis torres,22/01/2026,317,No,Software
4416,juan perez,14/02/2026,23,S,Layer 1
4417,MARIA LOPEZ,2026-02-16,-58,y,Configuration
4418,Pedro Marmol,31/01/2026,434,S,Layer 2
4419,juan perez,01-17-26,-71,S,Layer 1
4420,  carlos ruiz,2026/02/07,296,0,Software
4421,MARIA LOPEZ,2026-01-25,199,No,Software
4422,juan perez,01-30-26,369,No,Configuration
4423,luis torres,01-20-26,164,No,Layer 1
4424,MARIA LOPEZ,01-24-26,421,No,Configuration
4425,Pedro Marmol,01-22-26,481,1,Layer 2
4426,  carlos ruiz,2026-01-30,15,0,Software
4427,juan perez,02-15-26,24,y,Configuration
4428,  carlos ruiz,22/01/2026,-15,0,Software
4429,Pedro Marmol,01-28-26,229,y,Configuration
4430,  carlos ruiz,2026/01/28,-25,N,Configuration
4431,Ana Silva,01-19-26,486,0,Layer 1
4432,MARIA LOPEZ,2026/02/14,70,No,Software
4433,MARIA LOPEZ,02-03-26,296,No,Layer 1
4434,Ana Silva,01-30-26,-26,0,Configuration
4435,Ana Silva,01-22-26,250,y,Layer 2
4436,Pedro Marmol,2026-01-27,3,N,Software
4437,MARIA LOPEZ,25/01/2026,336,1,Layer 2
4438,juan perez,01-22-26,-47,No,Software
4439,Pedro Marmol,2026-02-05,417,1,Software
4440,Pedro Marmol,2026-02-01,80,No,Layer 1
4441,Ana Silva,2026/01/18,325,Yes,Software
4442,luis torres,2026-02-13,42,1,Software
4443,  carlos ruiz,2026-02-10,-26,0,Layer 1
4444,juan perez,2026-01-24,22,1,Software
4445,Pedro Marmol,2026-02-07,102,0,Software
4446,MARIA LOPEZ,02-16-26,204,S,Configuration
4447,  carlos ruiz,2026-01-24,137,0,Layer 2
4448,luis torres,2026/01/21,106,S,Configuration
4449,MARIA LOPEZ,2026-02-05,127,S,Configuration
4450,MARIA LOPEZ,2026-02-10,469,S,Layer 1
4451,Ana Silva,2026/02/09,103,N,Layer 2
4452,  carlos ruiz,28/01/2026,348,N,Layer 1
4453,luis torres,16/02/2026,34,N,Software
4454,MARIA LOPEZ,2026/02/13,396,1,Layer 2
4455,luis torres,2026-02-08,499,y,Layer 2
4456,MARIA LOPEZ,2026-01-27,-99,Yes,Layer 2
4457,juan perez,2026/02/15,381,y,Software
4458,MARIA LOPEZ,01-28-26,318,0,Layer 1
4459,juan perez,2026/02/13,-98,S,Layer 2
4460,Ana Silva,02-08-26,-11,S,Software
4461,juan perez,01-22-26,-3,Yes,Configuration
4462,Ana Silva,31/01/2026,318,1,Layer 1
4463,Pedro Marmol,15/02/2026,385,N,Layer 1
4464,luis torres,2026/01/17,21,y,Layer 1
4465,  carlos ruiz,2026-02-13,437,S,Software
4466,  carlos ruiz,2026-02-06,25,No,Layer 2
4467,luis torres,2026-01-29,304,y,Layer 2
4468,juan perez,2026/01/17,118,S,Software
4469,  carlos ruiz,2026/02/06,216,1,Software
4470,Ana Silva,2026/01/25,158,Yes,Configuration
4471,luis torres,2026/02/02,186,0,Layer 1
4472,MARIA LOPEZ,02-02-26,65,0,Layer 1
4473,  carlos ruiz,17/01/2026,-3,Yes,Configuration
4474,  carlos ruiz,02-14-26,329,Yes,Layer 1
4475,juan perez,01-30-26,399,y,Layer 1
4476,luis torres,2026-02-16,351,No,Software
4477,  carlos ruiz,2026-01-19,478,y,Configuration
4478,Ana Silva,25/01/2026,-81,1,Layer 1
4479,Ana Silva,2026-02-11,233,y,Configuration
4480,MARIA LOPEZ,02-12-26,-32,N,Configuration
4481,Pedro Marmol,26/01/2026,385,0,Configuration
4482,Ana Silva,19/01/2026,392,No,Layer 2
4483,juan perez,06/02/2026,-62,1,Layer 1
4484,juan perez,2026-01-20,-26,S,Configuration
4485,juan perez,2026/01/19,330,No,Configuration
4486,Pedro Marmol,31/01/2026,-83,y,Layer 1
4487,juan perez,01-25-26,216,No,Configuration
4488,Pedro Marmol,2026/01/19,485,Yes,Layer 1
4489,MARIA LOPEZ,09/02/2026,64,N,Layer 2
4490,luis torres,01-31-26,18,N,Configuration
4491,Ana Silva,01-22-26,218,No,Software
4492,MARIA LOPEZ,08/02/2026,270,0,Layer 1
4493,juan perez,27/01/2026,38,1,Layer 2
4494,juan perez,2026/02/02,443,S,Layer 1
4495,luis torres,2026/02/01,0,No,Layer 2
4496,Pedro Marmol,02-02-26,313,1,Layer 1
4497,luis torres,2026/01/21,-20,No,Layer 1
4498,juan perez,2026-01-29,28,No,Software
4499,MARIA LOPEZ,28/01/2026,369,y,Configuration
4500,  carlos ruiz,2026-01-20,146,S,Software
4501,  carlos ruiz,01-30-26,412,1,Layer 2
4502,Pedro Marmol,2026-02-09,63,0,Layer 1
4503,juan perez,2026-02-06,277,S,Software
4504,Ana Silva,02-11-26,192,y,Software
4505,MARIA LOPEZ,02-11-26,18,S,Layer 2
4506,luis torres,2026/01/22,-1,0,Layer 1
4507,  carlos ruiz,06/02/2026,43,y,Layer 2
4508,Ana Silva,2026-02-06,320,No,Software
4509,Pedro Marmol,2026-01-28,499,S,Layer 2
4510,Pedro Marmol,24/01/2026,35,1,Configuration
4511,  carlos ruiz,08/02/2026,-29,S,Configuration
4512,MARIA LOPEZ,01-29-26,276,0,Layer 1
4513,Pedro Marmol,2026/01/28,32,y,Configuration
4514,Pedro Marmol,01-17-26,226,Yes,Layer 2
4515,  carlos ruiz,01-27-26,309,0,Configuration
4516,Pedro Marmol,01-19-26,21,S,Configuration
4517,Pedro Marmol,2026/01/31,66,N,Configuration
4518,luis torres,01-28-26,487,1,Layer 2
4519,Ana Silva,27/01/2026,252,No,Configuration
4520,Pedro Marmol,02-14-26,49,0,Layer 2
4521,juan perez,2026/01/18,163,S,Layer 1
4522,MARIA LOPEZ,19/01/2026,223,y,Software
4523,juan perez,2026/01/18,237,0,Layer 2
4524,juan perez,01-23-26,-97,No,Software
4525,  carlos ruiz,2026-02-07,168,S,Configuration
4526,luis torres,2026/02/14,-49,1,Software
4527,  carlos ruiz,2026/01/17,120,1,Layer 1
4528,MARIA LOPEZ,02-03-26,-30,y,Layer 2
4529,Pedro Marmol,2026/01/20,319,N,Configuration
4530,luis torres,01-23-26,-95,0,Layer 2
4531,luis torres,2026/01/27,-49,1,Layer 2
4532,Pedro Marmol,08/02/2026,398,N,Configuration
4533,Pedro Marmol,2026-01-28,421,0,Layer 2
4534,juan perez,2026/01/17,259,N,Layer 1
4535,luis torres,2026-01-21,240,N,Layer 1
4536,Pedro Marmol,2026/02/06,-2,S,Layer 2
4537,Ana Silva,2026-02-06,68,N,Layer 2
4538,Ana Silva,2026/02/11,482,S,Layer 1
4539,Pedro Marmol,02-09-26,427,Yes,Layer 2
4540,  carlos ruiz,22/01/2026,382,0,Layer 1
4541,Pedro Marmol,01-18-26,315,1,Layer 1
4542,juan perez,01-28-26,35,N,Configuration
4543,luis torres,2026-02-10,457,1,Layer 1
4544,juan perez,2026/02/13,237,y,Layer 1
4545,Pedro Marmol,2026-01-30,234,Yes,Software
4546,  carlos ruiz,2026/01/26,227,1,Configuration
4547,Pedro Marmol,02-15-26,480,N,Configuration
4548,luis torres,01-25-26,230,No,Software
4549,  carlos ruiz,2026-01-26,-44,1,Layer 2
4550,juan perez,2026/02/02,131,N,Layer 2
4551,MARIA LOPEZ,31/01/2026,1,1,Software
4552,luis torres,2026/01/18,-34,N,Layer 1
4553,luis torres,2026/02/11,-50,0,Layer 2
4554,MARIA LOPEZ,2026/02/07,38,Yes,Layer 1
4555,  carlos ruiz,2026/02/04,64,No,Layer 2
4556,  carlos ruiz,02/02/2026,402,0,Configuration
4557,juan perez,01-19-26,185,S,Layer 1
4558,  carlos ruiz,29/01/2026,460,0,Layer 1
4559,Pedro Marmol,03/02/2026,187,y,Configuration
4560,luis torres,01-19-26,319,1,Configuration
4561,juan perez,2026-02-15,350,S,Layer 2
4562,  carlos ruiz,2026-02-06,455,1,Configuration
4563,luis torres,2026/01/27,274,y,Layer 2
4564,luis torres,29/01/2026,175,N,Configuration
4565,Ana Silva,21/01/2026,211,0,Layer 2
4566,  carlos ruiz,17/01/2026,275,Yes,Configuration
4567,Ana Silva,2026-01-25,263,1,Configuration
4568,Ana Silva,02-01-26,276,No,Layer 2
4569,  carlos ruiz,2026/01/22,-66,1,Layer 2
4570,luis torres,12/02/2026,395,N,Layer 2
4571,juan perez,02-02-26,125,0,Configuration
4572,juan perez,01-25-26,380,N,Software
4573,Ana Silva,23/01/2026,372,S,Layer 2
4574,luis torres,2026/02/08,246,S,Layer 1
4575,Ana Silva,06/02/2026,345,N,Layer 1
4576,Pedro Marmol,01-23-26,247,No,Layer 1
4577,  carlos ruiz,2026-02-06,484,y,Layer 2
4578,MARIA LOPEZ,2026-02-16,490,y,Layer 1
4579,luis torres,2026-02-09,13,S,Software
4580,luis torres,2026/01/21,-25,Yes,Software
4581,Ana Silva,01-25-26,151,N,Layer 1
4582,MARIA LOPEZ,24/01/2026,443,0,Configuration
4583,luis torres,2026/02/11,80,y,Configuration
4584,MARIA LOPEZ,2026/01/21,189,S,Layer 1
4585,  carlos ruiz,16/02/2026,297,0,Layer 2
4586,  carlos ruiz,14/02/2026,475,Yes,Software
4587,Ana Silva,2026/02/14,221,No,Software
4588,MARIA LOPEZ,05/02/2026,-100,S,Layer 2
4589,Pedro Marmol,02-06-26,106,Yes,Layer 2
4590,  carlos ruiz,2026-01-25,44,No,Layer 2
4591,Ana Silva,17/01/2026,408,No,Software
4592,Ana Silva,2026-01-24,285,N,Software
4593,  carlos ruiz,2026/02/06,-55,y,Software
4594,MARIA LOPEZ,2026-02-01,492,No,Configuration
4595,Ana Silva,02-01-26,85,S,Layer 1
4596,MARIA LOPEZ,22/01/2026,312,No,Layer 1
4597,juan perez,2026/01/26,482,1,Layer 1
4598,MARIA LOPEZ,2026-01-17,26,N,Configuration
4599,Pedro Marmol,01-21-26,154,S,Software
4600,juan perez,28/01/2026,244,Yes,Software
4601,Pedro Marmol,30/01/2026,153,Yes,Layer 2
4602,Ana Silva,2026-02-08,76,y,Software
4603,Ana Silva,18/01/2026,-40,y,Layer 2
4604,juan perez,02-02-26,300,0,Layer 1
4605,luis torres,2026-01-29,103,N,Software
4606,juan perez,04/02/2026,-31,0,Layer 2
4607,MARIA LOPEZ,2026/02/03,-33,N,Software
4608,luis torres,16/02/2026,31,Yes,Software
4609,  carlos ruiz,2026/01/23,-81,No,Software
4610,luis torres,2026/01/28,411,0,Layer 1
4611,Ana Silva,26/01/2026,271,S,Layer 2
4612,Pedro Marmol,01-29-26,202,1,Layer 2
4613,juan perez,2026-01-19,340,y,Layer 1
4614,MARIA LOPEZ,01-26-26,456,Yes,Configuration
4615,Ana Silva,01-18-26,458,y,Configuration
4616,  carlos ruiz,01-29-26,251,S,Configuration
4617,Ana Silva,30/01/2026,261,Yes,Layer 1
4618,  carlos ruiz,27/01/2026,322,1,Software
4619,Ana Silva,05/02/2026,1,0,Layer 1
4620,Ana Silva,2026/02/11,213,S,Software
4621,  carlos ruiz,01-24-26,-8,1,Configuration
4622,  carlos ruiz,2026/02/02,369,S,Software
4623,Ana Silva,02-08-26,-81,0,Layer 2
4624,  carlos ruiz,07/02/2026,74,Yes,Software
4625,luis torres,2026/01/29,48,S,Layer 2
4626,juan perez,02-14-26,353,y,Layer 1
4627,luis torres,02-12-26,281,0,Configuration
4628,luis torres,25/01/2026,465,S,Layer 2
4629,  carlos ruiz,01-24-26,83,y,Layer 1
4630,  carlos ruiz,2026-02-08,13,1,Layer 2
4631,Pedro Marmol,02-12-26,442,N,Software
4632,luis torres,01-17-26,226,N,Layer 1
4633,Ana Silva,2026-02-13,300,Yes,Software
4634,  carlos ruiz,29/01/2026,272,y,Layer 2
4635,MARIA LOPEZ,2026/01/27,32,y,Software
4636,Pedro Marmol,2026-01-23,244,y,Layer 1
4637,juan perez,05/02/2026,445,N,Layer 2
4638,MARIA LOPEZ,2026/02/04,-19,N,Layer 2
4639,MARIA LOPEZ,2026/01/21,110,Yes,Software
4640,juan perez,02-13-26,487,No,Layer 2
4641,Ana Silva,2026-02-12,35,1,Layer 1
4642,luis torres,06/02/2026,-92,1,Layer 2
4643,juan perez,2026-02-05,140,No,Layer 1
4644,juan perez,2026-02-12,400,0,Software
4645,Pedro Marmol,2026-01-20,468,1,Layer 1
4646,luis torres,2026-02-11,-4,S,Software
4647,Ana Silva,2026-01-24,311,Yes,Layer 2
4648,juan perez,2026/01/19,444,1,Configuration
4649,juan perez,2026-02-11,150,S,Layer 2
4650,MARIA LOPEZ,04/02/2026,330,No,Configuration
4651,juan perez,2026/01/21,146,Yes,Layer 2
4652,Ana Silva,01-24-26,408,0,Layer 2
4653,Pedro Marmol,02-10-26,76,y,Software
4654,luis torres,2026/01/21,89,No,Software
4655,MARIA LOPEZ,02-11-26,241,No,Configuration
4656,Pedro Marmol,2026/02/11,82,N,Layer 2
4657,luis torres,31/01/2026,490,0,Layer 2
4658,MARIA LOPEZ,2026-02-08,126,0,Configuration
4659,juan perez,2026-01-20,66,0,Layer 2
4660,MARIA LOPEZ,2026-01-24,355,y,Software
4661,Pedro Marmol,2026-01-31,-4,S,Layer 2
4662,luis torres,01-18-26,296,Yes,Layer 1
4663,Ana Silva,2026/01/18,141,1,Layer 2
4664,luis torres,01-17-26,358,0,Software
4665,  carlos ruiz,2026-01-23,489,No,Layer 1
4666,  carlos ruiz,2026-02-06,326,N,Layer 1
4667,luis torres,16/02/2026,335,1,Software
4668,juan perez,2026-02-16,474,y,Layer 1
4669,juan perez,2026-01-21,-51,No,Layer 1
4670,  carlos ruiz,23/01/2026,-48,Yes,Layer 2
4671,luis torres,2026/02/06,251,Yes,Configuration
4672,Ana Silva,01-27-26,129,Yes,Software
4673,Pedro Marmol,21/01/2026,117,No,Software
4674,Pedro Marmol,26/01/2026,32,y,Layer 1
4675,MARIA LOPEZ,13/02/2026,133,1,Layer 1
4676,juan perez,07/02/2026,60,N,Layer 1
4677,Ana Silva,01-28-26,288,Yes,Layer 2
4678,Pedro Marmol,01-22-26,273,N,Configuration
4679,  carlos ruiz,2026-01-23,399,Yes,Software
4680,MARIA LOPEZ,2026-01-25,40,No,Layer 1
4681,juan perez,2026-02-09,234,0,Configuration
4682,Ana Silva,2026-02-01,249,S,Configuration
4683,Ana Silva,2026/01/26,-91,No,Layer 2
4684,  carlos ruiz,2026-02-14,217,1,Configuration
4685,Ana Silva,2026/02/16,123,N,Configuration
4686,  carlos ruiz,02-13-26,273,0,Layer 2
4687,Pedro Marmol,2026-01-30,430,S,Configuration
4688,luis torres,2026-02-14,286,1,Software
4689,Pedro Marmol,19/01/2026,-30,y,Layer 2
4690,luis torres,2026-02-12,45,Yes,Layer 1
4691,  carlos ruiz,02-14-26,227,S,Configuration
4692,MARIA LOPEZ,02-10-26,401,N,Configuration
4693,MARIA LOPEZ,2026-02-03,-43,Yes,Software
4694,  carlos ruiz,2026-02-11,112,1,Layer 1
4695,Pedro Marmol,02-10-26,446,y,Layer 2
4696,luis torres,2026-02-15,33,1,Software
4697,MARIA LOPEZ,18/01/2026,146,S,Layer 2
4698,MARIA LOPEZ,02-13-26,-56,Yes,Software
4699,  carlos ruiz,01-17-26,260,Yes,Layer 2
4700,  carlos ruiz,2026/02/13,424,N,Layer 2
4701,Ana Silva,22/01/2026,9,No,Configuration
4702,Pedro Marmol,2026/02/09,376,1,Configuration
4703,luis torres,19/01/2026,392,1,Layer 2
4704,Ana Silva,20/01/2026,455,Yes,Configuration
4705,juan perez,31/01/2026,477,Yes,Software
4706,  carlos ruiz,03/02/2026,147,N,Software
4707,juan perez,02-08-26,-67,y,Layer 2
4708,MARIA LOPEZ,2026-02-12,24,0,Layer 2
4709,MARIA LOPEZ,2026/01/29,16,No,Layer 1
4710,Pedro Marmol,03/02/2026,103,N,Software
4711,Ana Silva,01-21-26,431,N,Configuration
4712,MARIA LOPEZ,01/02/2026,360,Yes,Layer 2
4713,luis torres,01-31-26,354,S,Software
4714,MARIA LOPEZ,2026-01-24,275,Yes,Configuration
4715,  carlos ruiz,02-12-26,-23,0,Software
4716,Pedro Marmol,2026-02-09,68,0,Software
4717,Pedro Marmol,02-07-26,-13,Yes,Configuration
4718,Ana Silva,2026/02/06,416,N,Software
4719,  carlos ruiz,01-28-26,-26,1,Configuration
4720,Pedro Marmol,18/01/2026,-66,Yes,Software
4721,Ana Silva,25/01/2026,123,1,Layer 2
4722,juan perez,2026/02/09,-65,y,Layer 1
4723,luis torres,27/01/2026,137,No,Layer 2
4724,  carlos ruiz,2026/02/12,308,1,Layer 2
4725,luis torres,20/01/2026,365,No,Layer 1
4726,Ana Silva,2026-01-23,208,0,Layer 1
4727,luis torres,06/02/2026,395,y,Layer 2
4728,  carlos ruiz,2026/01/30,178,0,Layer 2
4729,Pedro Marmol,04/02/2026,443,No,Layer 1
4730,  carlos ruiz,02-01-26,365,0,Software
4731,  carlos ruiz,2026/01/20,148,0,Layer 2
4732,  carlos ruiz,01-18-26,273,0,Layer 2
4733,Ana Silva,02-03-26,83,N,Layer 2
4734,luis torres,2026-01-27,495,y,Layer 2
4735,Pedro Marmol,30/01/2026,319,No,Configuration
4736,juan perez,12/02/2026,-92,No,Software
4737,juan perez,01-26-26,347,0,Layer 1
4738,Pedro Marmol,01-29-26,463,0,Layer 2
4739,  carlos ruiz,2026/01/29,136,N,Layer 2
4740,Pedro Marmol,2026/01/17,138,y,Layer 1
4741,Ana Silva,02-14-26,132,No,Layer 1
4742,  carlos ruiz,01-19-26,451,y,Layer 2
4743,Ana Silva,26/01/2026,490,y,Layer 2
4744,juan perez,2026/02/09,326,Yes,Layer 1
4745,MARIA LOPEZ,2026-02-09,398,N,Layer 2
4746,Ana Silva,2026/01/24,2,No,Layer 1
4747,luis torres,02-05-26,-90,N,Software
4748,luis torres,02-13-26,-33,S,Software
4749,juan perez,2026/01/25,-15,Yes,Software
4750,luis torres,20/01/2026,152,S,Software
4751,Pedro Marmol,28/01/2026,16,Yes,Software
4752,juan perez,01-17-26,-3,1,Layer 1
4753,luis torres,2026-02-16,-66,No,Layer 1
4754,Pedro Marmol,08/02/2026,176,N,Software
4755,  carlos ruiz,02-03-26,99,N,Configuration
4756,juan perez,2026/02/16,324,1,Software
4757,Pedro Marmol,16/02/2026,91,1,Layer 2
4758,  carlos ruiz,2026/01/30,-17,1,Configuration
4759,Pedro Marmol,12/02/2026,-79,S,Configuration
4760,Pedro Marmol,14/02/2026,431,N,Software
4761,Ana Silva,2026/01/21,239,y,Software
4762,MARIA LOPEZ,2026-02-02,254,N,Layer 1
4763,MARIA LOPEZ,2026/02/03,237,1,Layer 1
4764,Pedro Marmol,02-01-26,140,0,Software
4765,MARIA LOPEZ,23/01/2026,-15,Yes,Configuration
4766,Pedro Marmol,02-15-26,341,0,Layer 1
4767,Pedro Marmol,28/01/2026,-40,Yes,Configuration
4768,Ana Silva,2026-01-18,253,1,Software
4769,luis torres,2026/02/09,83,0,Configuration
4770,Pedro Marmol,02-09-26,245,No,Software
4771,Ana Silva,2026-02-07,105,S,Layer 2
4772,MARIA LOPEZ,2026-01-31,367,No,Software
4773,Pedro Marmol,02-10-26,205,Yes,Software
4774,MARIA LOPEZ,02-02-26,190,S,Software
4775,Ana Silva,01-20-26,292,1,Configuration
4776,MARIA LOPEZ,2026/02/06,481,y,Configuration
4777,luis torres,01/02/2026,-76,y,Layer 2
4778,Pedro Marmol,26/01/2026,307,y,Configuration
4779,  carlos ruiz,2026-01-21,91,Yes,Layer 1
4780,Pedro Marmol,01-24-26,215,S,Configuration
4781,Ana Silva,02-08-26,439,N,Configuration
4782,  carlos ruiz,2026-01-20,478,S,Software
4783,juan perez,01-31-26,246,N,Layer 1
4784,luis torres,08/02/2026,4,S,Layer 1
4785,  carlos ruiz,2026-02-04,291,No,Software
4786,Pedro Marmol,2026-02-05,282,0,Layer 1
4787,  carlos ruiz,2026-02-06,239,y,Layer 2
4788,Pedro Marmol,02-15-26,460,0,Layer 2
4789,  carlos ruiz,01-21-26,-93,No,Configuration
4790,Pedro Marmol,2026/01/21,444,No,Layer 2
4791,MARIA LOPEZ,05/02/2026,-21,N,Software
4792,MARIA LOPEZ,2026/01/29,387,N,Configuration
4793,  carlos ruiz,2026-01-18,232,y,Layer 1
4794,Ana Silva,2026-02-12,-48,N,Software
4795,Pedro Marmol,2026-02-15,97,y,Software
4796,MARIA LOPEZ,2026-02-10,201,No,Configuration
4797,Pedro Marmol,2026/01/26,437,Yes,Software
4798,Ana Silva,2026/01/25,82,S,Software
4799,Pedro Marmol,2026/01/31,485,Yes,Layer 1
4800,juan perez,2026/02/16,364,No,Layer 1
4801,juan perez,01-19-26,48,N,Software
4802,juan perez,02-15-26,32,N,Layer 2
4803,Pedro Marmol,2026-02-12,397,N,Layer 1
4804,luis torres,05/02/2026,30,N,Layer 2
4805,juan perez,02-14-26,456,No,Layer 1
4806,juan perez,2026/01/31,-85,0,Layer 2
4807,luis torres,20/01/2026,311,S,Layer 2
4808,luis torres,2026-02-07,-36,No,Software
4809,Ana Silva,15/02/2026,427,0,Configuration
4810,luis torres,2026/01/30,78,0,Layer 2
4811,MARIA LOPEZ,18/01/2026,-87,No,Configuration
4812,MARIA LOPEZ,01-24-26,217,No,Layer 2
4813,  carlos ruiz,2026-01-18,431,y,Configuration
4814,Pedro Marmol,02-08-26,20,y,Configuration
4815,  carlos ruiz,2026-01-30,22,0,Software
4816,Ana Silva,29/01/2026,-36,Yes,Layer 1
4817,juan perez,2026/01/19,160,Yes,Layer 2
4818,  carlos ruiz,08/02/2026,93,No,Layer 2
4819,luis torres,08/02/2026,-29,N,Layer 1
4820,luis torres,2026-01-28,312,N,Layer 1
4821,  carlos ruiz,01-28-26,169,N,Layer 1
4822,luis torres,2026/01/20,364,N,Configuration
4823,MARIA LOPEZ,2026/01/27,101,1,Software
4824,Pedro Marmol,01-25-26,402,S,Software
4825,MARIA LOPEZ,2026/02/08,204,N,Layer 1
4826,Pedro Marmol,01-19-26,132,N,Configuration
4827,juan perez,02-15-26,201,Yes,Layer 2
4828,  carlos ruiz,05/02/2026,496,0,Configuration
4829,Pedro Marmol,2026/02/04,62,y,Layer 2
4830,  carlos ruiz,2026-02-09,300,N,Configuration
4831,Ana Silva,01-30-26,413,y,Layer 2
4832,MARIA LOPEZ,2026-02-09,285,y,Configuration
4833,MARIA LOPEZ,29/01/2026,105,Yes,Configuration
4834,Ana Silva,2026-02-15,316,y,Software
4835,Ana Silva,2026/01/23,266,1,Layer 2
4836,juan perez,2026/02/10,141,Yes,Layer 1
4837,  carlos ruiz,2026-01-26,386,Yes,Configuration
4838,luis torres,23/01/2026,312,y,Layer 1
4839,  carlos ruiz,2026/02/07,264,y,Layer 2
4840,  carlos ruiz,2026/02/01,336,S,Layer 1
4841,juan perez,01-30-26,-56,y,Configuration
4842,Ana Silva,02-16-26,245,S,Layer 2
4843,Ana Silva,2026-01-22,161,Yes,Layer 1
4844,Pedro Marmol,2026/02/11,473,y,Layer 2
4845,juan perez,2026-01-28,448,N,Configuration
4846,Ana Silva,2026/01/27,26,N,Configuration
4847,Ana Silva,02-01-26,173,S,Layer 1
4848,MARIA LOPEZ,2026-01-21,56,Yes,Configuration
4849,  carlos ruiz,01-24-26,34,1,Layer 1
4850,juan perez,2026/02/03,190,1,Layer 1
4851,Ana Silva,01-30-26,11,N,Layer 1
4852,luis torres,2026/02/16,-80,N,Layer 1
4853,Ana Silva,11/02/2026,347,Yes,Layer 2
4854,juan perez,07/02/2026,238,No,Software
4855,Ana Silva,2026-01-18,283,S,Layer 2
4856,  carlos ruiz,01-31-26,196,0,Layer 2
4857,juan perez,02-09-26,350,y,Configuration
4858,Ana Silva,11/02/2026,116,No,Configuration
4859,  carlos ruiz,2026-01-31,40,1,Configuration
4860,  carlos ruiz,01-21-26,-33,0,Layer 2
4861,Ana Silva,01-21-26,174,Yes,Layer 2
4862,MARIA LOPEZ,2026-01-27,301,0,Software
4863,Pedro Marmol,2026/01/23,388,N,Configuration
4864,luis torres,02/02/2026,484,Yes,Layer 1
4865,luis torres,21/01/2026,152,S,Layer 2
4866,luis torres,2026-02-07,421,No,Configuration
4867,Pedro Marmol,2026/02/09,396,1,Configuration
4868,Ana Silva,2026/01/29,-43,y,Software
4869,  carlos ruiz,22/01/2026,-62,1,Layer 2
4870,Pedro Marmol,2026/02/03,346,Yes,Layer 2
4871,MARIA LOPEZ,2026/01/27,156,1,Layer 1
4872,  carlos ruiz,02-06-26,359,S,Configuration
4873,  carlos ruiz,2026-02-09,71,Yes,Layer 1
4874,Ana Silva,31/01/2026,488,0,Layer 2
4875,MARIA LOPEZ,2026-01-26,418,y,Configuration
4876,Pedro Marmol,2026/01/17,347,N,Configuration
4877,Pedro Marmol,2026/01/22,141,0,Layer 2
4878,juan perez,02-03-26,327,Yes,Software
4879,luis torres,01-21-26,-26,No,Layer 2
4880,  carlos ruiz,2026/01/22,37,0,Software
4881,  carlos ruiz,2026-02-16,62,N,Configuration
4882,Pedro Marmol,10/02/2026,236,S,Software
4883,juan perez,01-21-26,-84,N,Configuration
4884,Pedro Marmol,01-26-26,-3,Yes,Layer 1
4885,Ana Silva,01-29-26,-7,0,Layer 2
4886,MARIA LOPEZ,2026/02/15,230,No,Software
4887,juan perez,01-19-26,56,S,Layer 1
4888,  carlos ruiz,02/02/2026,467,1,Configuration
4889,  carlos ruiz,01-20-26,357,N,Layer 2
4890,Ana Silva,02-02-26,-51,y,Layer 1
4891,juan perez,2026-02-13,366,0,Layer 1
4892,MARIA LOPEZ,2026-02-09,136,1,Configuration
4893,juan perez,2026-02-01,21,S,Layer 2
4894,Ana Silva,2026/02/13,171,S,Layer 1
4895,Ana Silva,2026/02/10,164,1,Configuration
4896,Pedro Marmol,2026-02-08,496,y,Layer 2
4897,  carlos ruiz,02-11-26,314,Yes,Layer 1
4898,  carlos ruiz,02-15-26,90,0,Configuration
4899,Ana Silva,2026-01-24,291,No,Layer 1
4900,  carlos ruiz,2026-01-21,315,No,Software
4901,  carlos ruiz,2026-02-05,338,N,Software
4902,  carlos ruiz,03/02/2026,355,S,Configuration
4903,Pedro Marmol,2026-02-09,278,No,Layer 1
4904,MARIA LOPEZ,2026/02/08,1,0,Configuration
4905,  carlos ruiz,29/01/2026,176,S,Layer 1
4906,juan perez,2026-01-22,310,y,Configuration
4907,Pedro Marmol,02-10-26,318,N,Software
4908,  carlos ruiz,2026-01-23,208,0,Software
4909,  carlos ruiz,2026/02/03,19,S,Software
4910,luis torres,02-09-26,497,Yes,Configuration
4911,  carlos ruiz,02-05-26,253,S,Layer 1
4912,MARIA LOPEZ,2026/02/12,279,1,Layer 2
4913,  carlos ruiz,2026/02/09,268,S,Software
4914,  carlos ruiz,2026/01/29,369,S,Software
4915,Ana Silva,25/01/2026,-32,Yes,Software
4916,Pedro Marmol,28/01/2026,254,Yes,Software
4917,Pedro Marmol,01-24-26,274,N,Layer 1
4918,Ana Silva,02-15-26,108,No,Configuration
4919,luis torres,11/02/2026,478,No,Layer 1
4920,Pedro Marmol,02-11-26,313,S,Software
4921,MARIA LOPEZ,2026/02/10,-87,No,Layer 1
4922,MARIA LOPEZ,07/02/2026,-72,No,Layer 1
4923,juan perez,2026/02/07,166,Yes,Configuration
4924,MARIA LOPEZ,02-05-26,127,Yes,Software
4925,Ana Silva,2026-02-09,46,y,Software
4926,luis torres,26/01/2026,-49,Yes,Configuration
4927,luis torres,2026/01/18,193,1,Layer 1
4928,Ana Silva,2026-01-22,276,Yes,Software
4929,  carlos ruiz,27/01/2026,219,S,Configuration
4930,Pedro Marmol,2026/01/17,440,0,Layer 1
4931,MARIA LOPEZ,01-19-26,67,y,Configuration
4932,MARIA LOPEZ,08/02/2026,330,N,Layer 1
4933,MARIA LOPEZ,01-27-26,293,0,Layer 1
4934,  carlos ruiz,2026/02/13,13,S,Software
4935,luis torres,11/02/2026,-88,1,Configuration
4936,Pedro Marmol,05/02/2026,326,N,Configuration
4937,luis torres,02-14-26,487,Yes,Layer 1
4938,  carlos ruiz,2026-02-08,14,No,Layer 1
4939,Pedro Marmol,21/01/2026,159,S,Software
4940,Pedro Marmol,07/02/2026,124,Yes,Software
4941,juan perez,2026-01-22,-47,S,Layer 2
4942,juan perez,2026/02/03,265,0,Configuration
4943,luis torres,08/02/2026,298,0,Software
4944,luis torres,12/02/2026,-8,y,Configuration
4945,Ana Silva,13/02/2026,213,1,Configuration
4946,  carlos ruiz,25/01/2026,168,1,Layer 2
4947,  carlos ruiz,13/02/2026,102,S,Software
4948,luis torres,2026/01/17,-100,N,Software
4949,Ana Silva,02-10-26,216,No,Layer 1
4950,  carlos ruiz,2026-02-07,148,S,Configuration
4951,Ana Silva,01-20-26,20,N,Software
4952,luis torres,2026-01-18,-24,0,Layer 1
4953,  carlos ruiz,2026-02-15,474,N,Layer 2
4954,luis torres,2026-01-26,374,y,Configuration
4955,  carlos ruiz,20/01/2026,483,y,Software
4956,luis torres,2026-01-20,-21,No,Software
4957,Ana Silva,13/02/2026,421,1,Configuration
4958,MARIA LOPEZ,02-09-26,108,y,Layer 2
4959,MARIA LOPEZ,14/02/2026,204,S,Configuration
4960,juan perez,2026/02/15,290,0,Configuration
4961,MARIA LOPEZ,05/02/2026,-13,S,Software
4962,MARIA LOPEZ,01/02/2026,78,No,Configuration
4963,Ana Silva,2026/01/18,295,y,Configuration
4964,MARIA LOPEZ,03/02/2026,37,y,Layer 1
4965,luis torres,02-03-26,255,N,Software
4966,  carlos ruiz,2026-02-16,184,No,Configuration
4967,juan perez,2026-01-19,475,S,Configuration
4968,Pedro Marmol,2026/01/28,284,0,Software
4969,MARIA LOPEZ,2026-02-16,66,Yes,Layer 2
4970,  carlos ruiz,2026-01-31,324,No,Layer 2
4971,MARIA LOPEZ,02-10-26,377,0,Software
4972,Ana Silva,01/02/2026,167,S,Configuration
4973,Ana Silva,2026-02-14,307,y,Layer 1
4974,Ana Silva,14/02/2026,113,0,Layer 1
4975,Ana Silva,2026/01/20,282,0,Configuration
4976,Pedro Marmol,10/02/2026,345,1,Software
4977,  carlos ruiz,02-09-26,8,S,Software
4978,Pedro Marmol,2026/02/08,291,1,Layer 2
4979,  carlos ruiz,01-24-26,-25,N,Software
4980,juan perez,02-09-26,453,N,Layer 2
4981,Pedro Marmol,2026/02/12,399,No,Software
4982,  carlos ruiz,2026/01/31,164,Yes,Configuration
4983,  carlos ruiz,2026/02/09,99,y,Software
4984,Ana Silva,19/01/2026,-5,0,Configuration
4985,MARIA LOPEZ,31/01/2026,399,y,Software
4986,  carlos ruiz,16/02/2026,215,No,Configuration
4987,luis torres,2026-01-28,116,y,Configuration
4988,  carlos ruiz,2026/02/06,53,N,Configuration
4989,Ana Silva,03/02/2026,109,N,Configuration
4990,juan perez,2026/01/22,101,S,Layer 2
4991,  carlos ruiz,11/02/2026,338,No,Layer 2
4992,Ana Silva,2026/02/06,228,No,Layer 2
4993,Pedro Marmol,2026/01/27,41,S,Layer 2
4994,  carlos ruiz,2026-02-16,-92,0,Configuration
4995,  carlos ruiz,2026/01/26,128,S,Layer 1
4996,Pedro Marmol,01-25-26,479,1,Layer 1
4997,Ana Silva,01-29-26,54,y,Layer 1
4998,Pedro Marmol,01-21-26,6,Yes,Software
4999,  carlos ruiz,2026/01/19,42,No,Software
5000,  carlos ruiz,2026/01/21,156,N,Configuration
5001,  carlos ruiz,01-28-26,351,1,Layer 2
5002,Ana Silva,2026/02/10,-16,No,Configuration
5003,  carlos ruiz,02-04-26,287,y,Software
5004,luis torres,19/01/2026,476,y,Layer 2
5005,Pedro Marmol,2026/02/10,433,0,Software
5006,Pedro Marmol,2026/01/31,341,Yes,Configuration
5007,juan perez,2026-02-09,45,S,Layer 2
5008,Pedro Marmol,01-23-26,94,y,Layer 2
5009,  carlos ruiz,2026-01-20,454,1,Layer 1
5010,luis torres,02-01-26,233,y,Layer 2
5011,juan perez,2026/01/21,50,y,Layer 2
5012,Ana Silva,2026-01-29,498,0,Configuration
5013,Ana Silva,2026/01/27,65,0,Layer 2
5014,Ana Silva,2026-01-25,148,0,Layer 1
5015,MARIA LOPEZ,2026-01-17,92,1,Layer 1
5016,MARIA LOPEZ,01-21-26,76,Yes,Software
5017,Ana Silva,02-15-26,243,1,Configuration
5018,juan perez,18/01/2026,170,0,Software
5019,Ana Silva,09/02/2026,-69,No,Layer 1
5020,  carlos ruiz,02-16-26,334,1,Layer 2
5021,luis torres,01-24-26,334,No,Configuration
5022,  carlos ruiz,2026/01/26,261,N,Layer 1
5023,  carlos ruiz,01-17-26,-20,0,Layer 2
5024,juan perez,2026/02/12,232,0,Layer 1
5025,  carlos ruiz,02-14-26,250,1,Software
5026,Pedro Marmol,08/02/2026,395,0,Layer 2
5027,Ana Silva,02-02-26,183,0,Layer 1
5028,luis torres,04/02/2026,165,0,Configuration
5029,  carlos ruiz,02-04-26,88,0,Software
5030,luis torres,08/02/2026,374,1,Configuration
5031,Ana Silva,2026-02-05,-69,S,Layer 2
5032,luis torres,2026/02/14,214,S,Configuration
5033,  carlos ruiz,2026-01-29,327,No,Layer 1
5034,juan perez,2026/01/19,460,S,Layer 1
5035,Pedro Marmol,01/02/2026,270,S,Configuration
5036,MARIA LOPEZ,28/01/2026,393,No,Layer 2
5037,MARIA LOPEZ,2026-02-03,84,0,Configuration
5038,Pedro Marmol,02-07-26,-62,1,Software
5039,Ana Silva,10/02/2026,229,Yes,Layer 1
5040,Ana Silva,01-18-26,77,y,Layer 2
5041,Ana Silva,2026/02/09,-29,Yes,Configuration
5042,MARIA LOPEZ,2026-01-28,72,N,Software
5043,MARIA LOPEZ,26/01/2026,2,Yes,Layer 1
5044,  carlos ruiz,07/02/2026,47,1,Configuration
5045,luis torres,23/01/2026,-6,Yes,Layer 1
5046,Ana Silva,2026/01/18,-92,y,Layer 2
5047,MARIA LOPEZ,2026-01-24,131,No,Software
5048,MARIA LOPEZ,2026/02/02,276,N,Configuration
5049,Ana Silva,13/02/2026,70,1,Configuration
5050,  carlos ruiz,2026-01-21,481,S,Layer 1
5051,luis torres,04/02/2026,200,No,Software
5052,  carlos ruiz,01-27-26,328,1,Configuration
5053,MARIA LOPEZ,01-18-26,303,N,Configuration
5054,juan perez,01-22-26,466,Yes,Configuration
5055,  carlos ruiz,2026/02/06,228,No,Layer 1
5056,  carlos ruiz,04/02/2026,457,0,Configuration
5057,luis torres,08/02/2026,424,N,Layer 1
5058,juan perez,2026-01-17,34,S,Layer 1
5059,Pedro Marmol,01-23-26,349,No,Layer 1
5060,MARIA LOPEZ,01-23-26,86,S,Configuration
5061,luis torres,2026/02/14,294,y,Layer 2
5062,Ana Silva,18/01/2026,342,y,Layer 1
5063,luis torres,24/01/2026,29,0,Layer 2
5064,luis torres,2026/01/28,30,Yes,Layer 1
5065,luis torres,01-20-26,40,1,Configuration
5066,luis torres,2026-02-05,-72,S,Layer 1
5067,juan perez,01-30-26,12,N,Configuration
5068,Pedro Marmol,2026-01-31,117,1,Layer 2
5069,  carlos ruiz,2026/02/04,5,N,Configuration
5070,Pedro Marmol,02-10-26,64,S,Layer 1
5071,Pedro Marmol,2026/01/30,293,0,Configuration
5072,luis torres,2026/02/11,46,0,Layer 2
5073,MARIA LOPEZ,2026-01-23,386,No,Layer 2
5074,Pedro Marmol,02-12-26,472,No,Configuration
5075,Pedro Marmol,10/02/2026,-27,y,Configuration
5076,luis torres,2026/02/03,16,y,Software
5077,juan perez,2026-02-04,390,1,Software
5078,Pedro Marmol,02-16-26,335,S,Software
5079,Ana Silva,01-25-26,471,1,Software
5080,luis torres,24/01/2026,-81,y,Layer 2
5081,luis torres,02-15-26,498,No,Layer 1
5082,MARIA LOPEZ,02-06-26,329,y,Layer 2
5083,  carlos ruiz,01-21-26,173,S,Layer 1
5084,  carlos ruiz,2026/01/29,80,N,Configuration
5085,luis torres,2026/01/30,66,S,Configuration
5086,Pedro Marmol,02-01-26,195,0,Configuration
5087,  carlos ruiz,2026-02-04,-16,N,Software
5088,Pedro Marmol,27/01/2026,383,N,Software
5089,Pedro Marmol,01-19-26,405,Yes,Layer 2
5090,Ana Silva,2026/02/05,331,0,Layer 2
5091,  carlos ruiz,2026-02-12,-40,N,Configuration
5092,MARIA LOPEZ,2026/02/11,499,1,Layer 2
5093,  carlos ruiz,02-04-26,-89,No,Layer 2
5094,luis torres,2026-02-04,240,N,Layer 1
5095,luis torres,2026/02/11,-16,No,Layer 1
5096,  carlos ruiz,27/01/2026,-18,0,Layer 1
5097,MARIA LOPEZ,01-20-26,207,No,Software
5098,juan perez,2026/01/19,193,S,Layer 1
5099,Ana Silva,2026-02-01,-8,Yes,Configuration
5100,  carlos ruiz,2026/02/05,176,N,Layer 2
5101,juan perez,01-24-26,337,N,Layer 2
5102,juan perez,20/01/2026,-14,0,Layer 1
5103,juan perez,2026-02-15,-80,1,Layer 1
5104,MARIA LOPEZ,01-18-26,226,N,Software
5105,Ana Silva,2026-01-23,-85,Yes,Software
5106,juan perez,29/01/2026,117,N,Configuration
5107,Ana Silva,27/01/2026,-26,Yes,Software
5108,Ana Silva,2026/01/30,84,S,Software
5109,MARIA LOPEZ,2026/02/02,257,1,Layer 2
5110,luis torres,2026/01/30,107,No,Configuration
5111,luis torres,2026-01-17,2,0,Software
5112,MARIA LOPEZ,2026/02/10,335,Yes,Configuration
5113,juan perez,2026-01-28,-38,1,Software
5114,Ana Silva,01-30-26,105,Yes,Layer 1
5115,Ana Silva,01-30-26,385,y,Configuration
5116,Ana Silva,2026/02/07,127,N,Layer 1
5117,Ana Silva,2026/02/12,142,1,Layer 1
5118,Ana Silva,29/01/2026,386,Yes,Layer 2
5119,juan perez,02-12-26,62,Yes,Configuration
5120,MARIA LOPEZ,02-12-26,301,Yes,Layer 1
5121,Ana Silva,06/02/2026,-36,N,Layer 1
5122,Ana Silva,01-19-26,305,y,Layer 2
5123,luis torres,02-14-26,314,y,Layer 1
5124,MARIA LOPEZ,01-23-26,265,Yes,Layer 2
5125,luis torres,2026/02/05,411,S,Software
5126,luis torres,2026-01-31,407,S,Configuration
5127,Pedro Marmol,01-25-26,49,Yes,Layer 2
5128,Ana Silva,04/02/2026,213,1,Configuration
5129,MARIA LOPEZ,02-04-26,91,Yes,Software
5130,juan perez,2026-02-10,401,N,Layer 1
5131,  carlos ruiz,2026-01-27,362,N,Layer 2
5132,MARIA LOPEZ,01-28-26,345,S,Layer 1
5133,juan perez,2026/02/06,395,y,Configuration
5134,  carlos ruiz,04/02/2026,485,N,Layer 2
5135,luis torres,30/01/2026,367,1,Software
5136,luis torres,2026-02-11,398,No,Software
5137,juan perez,26/01/2026,373,0,Layer 1
5138,  carlos ruiz,2026/02/12,281,Yes,Layer 1
5139,Ana Silva,2026/01/17,97,S,Software
5140,juan perez,2026-02-11,229,y,Configuration
5141,MARIA LOPEZ,2026-02-09,219,0,Layer 1
5142,Pedro Marmol,12/02/2026,113,S,Layer 1
5143,juan perez,2026/02/01,387,y,Software
5144,juan perez,01-19-26,243,0,Layer 1
5145,luis torres,02-15-26,240,0,Configuration
5146,Pedro Marmol,2026-01-23,150,No,Software
5147,Pedro Marmol,01/02/2026,254,Yes,Software
5148,Ana Silva,2026-01-31,55,y,Configuration
5149,juan perez,2026-02-16,224,N,Configuration
5150,  carlos ruiz,04/02/2026,421,Yes,Layer 2
5151,Ana Silva,2026/01/19,424,0,Configuration
5152,Pedro Marmol,17/01/2026,317,y,Software
5153,juan perez,01-22-26,190,1,Layer 1
5154,luis torres,2026/01/18,-91,No,Software
5155,MARIA LOPEZ,02-01-26,341,0,Configuration
5156,MARIA LOPEZ,01-20-26,-58,N,Layer 1
5157,MARIA LOPEZ,2026-02-15,188,No,Configuration
5158,  carlos ruiz,31/01/2026,291,y,Layer 1
5159,MARIA LOPEZ,29/01/2026,267,N,Configuration
5160,  carlos ruiz,2026/01/26,81,1,Configuration
5161,juan perez,16/02/2026,338,1,Layer 2
5162,Ana Silva,2026-02-11,44,1,Layer 1
5163,luis torres,01-30-26,-88,S,Layer 1
5164,Ana Silva,09/02/2026,271,N,Layer 1
5165,luis torres,02-11-26,-4,y,Layer 1
5166,MARIA LOPEZ,2026-02-11,110,y,Configuration
5167,  carlos ruiz,01-19-26,352,0,Configuration
5168,  carlos ruiz,02-09-26,23,0,Layer 1
5169,luis torres,02-12-26,392,1,Software
5170,Ana Silva,2026-01-19,154,y,Layer 2
5171,juan perez,2026/02/09,472,Yes,Software
5172,juan perez,01-23-26,-80,S,Layer 1
5173,luis torres,2026-01-24,472,S,Software
5174,Ana Silva,2026/01/30,155,1,Layer 1
5175,  carlos ruiz,17/01/2026,469,Yes,Layer 1
5176,juan perez,02-07-26,35,N,Layer 1
5177,luis torres,2026-01-22,-55,Yes,Software
5178,luis torres,2026-02-16,273,S,Layer 1
5179,juan perez,2026-01-20,50,S,Software
5180,juan perez,2026/02/02,88,0,Configuration
5181,luis torres,01-27-26,245,0,Layer 2
5182,Ana Silva,2026/01/25,459,y,Software
5183,Ana Silva,02-08-26,442,y,Layer 1
5184,juan perez,2026-02-04,102,S,Layer 1
5185,MARIA LOPEZ,01-25-26,425,Yes,Layer 2
5186,luis torres,2026/02/14,-3,No,Layer 1
5187,juan perez,02-03-26,488,S,Configuration
5188,  carlos ruiz,13/02/2026,64,y,Layer 1
5189,Ana Silva,2026-01-30,5,0,Layer 1
5190,  carlos ruiz,2026/01/25,2,S,Layer 2
5191,MARIA LOPEZ,29/01/2026,-75,1,Layer 1
5192,juan perez,02-16-26,93,y,Configuration
5193,  carlos ruiz,2026-02-01,410,y,Configuration
5194,  carlos ruiz,2026-02-08,22,Yes,Configuration
5195,  carlos ruiz,17/01/2026,147,0,Software
5196,MARIA LOPEZ,01-18-26,319,S,Layer 2
5197,  carlos ruiz,01-28-26,366,No,Layer 2
5198,luis torres,20/01/2026,3,1,Configuration
5199,  carlos ruiz,12/02/2026,199,No,Layer 2
5200,luis torres,13/02/2026,40,S,Configuration
5201,Pedro Marmol,01-18-26,208,S,Software
5202,Ana Silva,2026/02/07,194,N,Configuration
5203,luis torres,18/01/2026,313,S,Configuration
5204,  carlos ruiz,2026-01-30,-70,N,Layer 2
5205,Ana Silva,22/01/2026,349,No,Layer 2
5206,luis torres,01-20-26,240,Yes,Software
5207,MARIA LOPEZ,2026-01-28,367,S,Layer 1
5208,Pedro Marmol,2026/01/23,-27,No,Configuration
5209,Ana Silva,2026/01/26,270,y,Configuration
5210,MARIA LOPEZ,22/01/2026,199,0,Software
5211,  carlos ruiz,2026-02-02,30,No,Software
5212,Ana Silva,02-06-26,273,No,Configuration
5213,  carlos ruiz,2026/01/29,490,No,Layer 2
5214,  carlos ruiz,29/01/2026,62,Yes,Software
5215,  carlos ruiz,11/02/2026,339,S,Configuration
5216,MARIA LOPEZ,08/02/2026,287,1,Layer 2
5217,Pedro Marmol,2026/01/22,365,Yes,Software
5218,juan perez,2026/01/26,407,1,Layer 1
5219,luis torres,25/01/2026,152,Yes,Software
5220,Ana Silva,2026-01-29,144,No,Software
5221,Pedro Marmol,2026/02/12,234,No,Layer 1
5222,Ana Silva,14/02/2026,361,0,Configuration
5223,juan perez,2026-02-09,437,N,Layer 2
5224,luis torres,02-09-26,421,No,Layer 2
5225,MARIA LOPEZ,01-27-26,14,N,Software
5226,  carlos ruiz,01-23-26,144,1,Layer 2
5227,  carlos ruiz,2026/01/27,13,S,Layer 2
5228,Ana Silva,2026-01-19,12,S,Software
5229,Pedro Marmol,14/02/2026,118,No,Layer 1
5230,luis torres,02-03-26,-17,S,Layer 2
5231,MARIA LOPEZ,2026-02-09,462,No,Configuration
5232,Ana Silva,2026/02/08,462,N,Layer 1
5233,  carlos ruiz,2026-02-13,324,S,Layer 1
5234,MARIA LOPEZ,04/02/2026,173,No,Configuration
5235,Ana Silva,14/02/2026,250,Yes,Layer 2
5236,  carlos ruiz,2026/02/06,42,1,Software
5237,Ana Silva,01-20-26,216,Yes,Layer 1
5238,  carlos ruiz,02-13-26,158,N,Layer 1
5239,  carlos ruiz,2026-01-31,70,No,Software
5240,  carlos ruiz,2026-01-29,239,N,Layer 1
5241,Ana Silva,2026-01-23,148,Yes,Configuration
5242,  carlos ruiz,27/01/2026,434,N,Software
5243,  carlos ruiz,2026/02/13,-88,S,Layer 1
5244,Pedro Marmol,2026/01/26,130,N,Configuration
5245,luis torres,01-28-26,387,S,Layer 1
5246,Ana Silva,20/01/2026,274,No,Layer 1
5247,  carlos ruiz,2026-02-07,397,N,Configuration
5248,luis torres,09/02/2026,-84,1,Software
5249,Pedro Marmol,24/01/2026,145,S,Software
5250,MARIA LOPEZ,18/01/2026,-77,S,Configuration
5251,juan perez,01-26-26,-91,S,Layer 2
5252,Pedro Marmol,2026-02-15,497,N,Configuration
5253,Pedro Marmol,2026/01/29,372,y,Layer 2
5254,  carlos ruiz,01/02/2026,8,S,Software
5255,luis torres,29/01/2026,452,N,Layer 2
5256,Pedro Marmol,2026-02-05,140,S,Layer 1
5257,  carlos ruiz,2026-01-30,-57,No,Software
5258,juan perez,26/01/2026,-52,y,Software
5259,Ana Silva,2026-01-24,168,y,Layer 2
5260,Ana Silva,01-31-26,425,1,Configuration
5261,  carlos ruiz,2026/02/06,147,S,Software
5262,MARIA LOPEZ,23/01/2026,122,N,Layer 2
5263,MARIA LOPEZ,22/01/2026,-9,N,Configuration
5264,  carlos ruiz,02-07-26,55,1,Software
5265,Ana Silva,22/01/2026,229,S,Configuration
5266,juan perez,02-04-26,53,1,Layer 1
5267,Ana Silva,29/01/2026,484,S,Software
5268,  carlos ruiz,2026-02-02,-90,S,Configuration
5269,  carlos ruiz,02-03-26,-26,No,Layer 2
5270,MARIA LOPEZ,2026-01-31,499,1,Configuration
5271,MARIA LOPEZ,02-04-26,226,Yes,Software
5272,juan perez,2026/01/25,419,1,Layer 2
5273,Ana Silva,2026-01-26,98,0,Software
5274,  carlos ruiz,12/02/2026,110,No,Configuration
5275,MARIA LOPEZ,02-03-26,247,y,Layer 2
5276,Ana Silva,2026/02/16,301,No,Layer 1
5277,juan perez,2026/01/19,383,S,Configuration
5278,luis torres,02-08-26,34,No,Layer 2
5279,MARIA LOPEZ,2026/02/05,142,S,Configuration
5280,luis torres,2026-01-26,-10,0,Layer 1
5281,luis torres,29/01/2026,437,0,Configuration
5282,luis torres,08/02/2026,322,1,Layer 1
5283,  carlos ruiz,2026-02-11,497,y,Software
5284,Ana Silva,25/01/2026,496,0,Layer 2
5285,  carlos ruiz,25/01/2026,85,y,Layer 1
5286,luis torres,02-07-26,357,S,Software
5287,juan perez,2026-01-26,293,N,Layer 1
5288,Ana Silva,2026/01/28,409,y,Configuration
5289,Pedro Marmol,2026/02/15,60,Yes,Software
5290,MARIA LOPEZ,2026-02-09,96,S,Software
5291,  carlos ruiz,2026/02/07,410,S,Configuration
5292,juan perez,2026/01/25,155,S,Configuration
5293,luis torres,22/01/2026,328,y,Software
5294,juan perez,2026-01-23,202,0,Layer 1
5295,MARIA LOPEZ,02-02-26,112,1,Configuration
5296,Ana Silva,2026-01-29,-63,No,Layer 1
5297,luis torres,08/02/2026,137,S,Configuration
5298,juan perez,02-12-26,427,1,Layer 2
5299,Pedro Marmol,2026-01-26,484,Yes,Layer 2
5300,Ana Silva,30/01/2026,371,N,Software
5301,Ana Silva,2026-01-23,349,Yes,Layer 1
5302,MARIA LOPEZ,01-18-26,22,N,Layer 1
5303,Ana Silva,2026/01/29,199,y,Layer 1
5304,  carlos ruiz,2026-01-19,288,y,Layer 1
5305,MARIA LOPEZ,06/02/2026,217,0,Layer 1
5306,Pedro Marmol,03/02/2026,105,S,Layer 2
5307,  carlos ruiz,24/01/2026,228,No,Software
5308,MARIA LOPEZ,01-17-26,217,No,Layer 2
5309,MARIA LOPEZ,02-04-26,-64,No,Layer 2
5310,  carlos ruiz,01/02/2026,402,y,Layer 1
5311,MARIA LOPEZ,02-09-26,21,Yes,Software
5312,juan perez,2026/02/07,477,No,Software
5313,juan perez,01-20-26,461,1,Configuration
5314,  carlos ruiz,2026-01-31,419,Yes,Layer 1
5315,juan perez,01-23-26,-100,Yes,Layer 2
5316,  carlos ruiz,01-20-26,426,No,Layer 2
5317,Ana Silva,16/02/2026,216,Yes,Layer 1
5318,luis torres,2026-01-18,-91,y,Layer 1
5319,luis torres,02-13-26,121,Yes,Layer 2
5320,Ana Silva,02-05-26,150,1,Configuration
5321,MARIA LOPEZ,24/01/2026,347,S,Layer 2
5322,Pedro Marmol,26/01/2026,-58,Yes,Layer 1
5323,luis torres,2026/01/20,455,Yes,Configuration
5324,Pedro Marmol,03/02/2026,18,1,Configuration
5325,juan perez,2026/01/21,297,S,Software
5326,  carlos ruiz,2026/02/10,76,No,Layer 1
5327,Pedro Marmol,08/02/2026,-14,y,Layer 2
5328,luis torres,02-09-26,116,S,Layer 1
5329,luis torres,16/02/2026,252,Yes,Layer 1
5330,Ana Silva,13/02/2026,473,N,Software
5331,  carlos ruiz,07/02/2026,435,No,Software
5332,luis torres,01-21-26,443,0,Software
5333,luis torres,02-07-26,177,1,Software
5334,  carlos ruiz,30/01/2026,214,No,Layer 2
5335,MARIA LOPEZ,20/01/2026,183,Yes,Layer 1
5336,  carlos ruiz,02/02/2026,399,No,Layer 1
5337,luis torres,02-02-26,85,N,Configuration
5338,Ana Silva,02/02/2026,476,N,Layer 2
5339,MARIA LOPEZ,2026/02/13,415,Yes,Layer 1
5340,MARIA LOPEZ,2026/02/16,248,1,Layer 1
5341,juan perez,01-28-26,-94,0,Configuration
5342,Ana Silva,11/02/2026,219,Yes,Layer 2
5343,luis torres,2026-01-21,-64,0,Configuration
5344,juan perez,02-10-26,22,S,Layer 1
5345,Ana Silva,2026/02/05,80,S,Layer 1
5346,  carlos ruiz,2026-02-04,-38,0,Layer 1
5347,juan perez,31/01/2026,210,1,Configuration
5348,MARIA LOPEZ,22/01/2026,375,S,Software
5349,MARIA LOPEZ,2026/01/27,-82,1,Layer 2
5350,MARIA LOPEZ,2026/02/10,432,Yes,Layer 2
5351,Pedro Marmol,01-18-26,346,y,Configuration
5352,Ana Silva,17/01/2026,301,N,Software
5353,Pedro Marmol,2026-02-12,-15,S,Layer 1
5354,Ana Silva,2026-02-11,130,1,Software
5355,  carlos ruiz,2026-01-25,230,Yes,Layer 1
5356,Ana Silva,02-16-26,366,0,Layer 2
5357,MARIA LOPEZ,2026-02-07,-10,y,Software
5358,luis torres,2026/02/16,323,Yes,Layer 2
5359,  carlos ruiz,2026-02-15,268,No,Software
5360,Pedro Marmol,01/02/2026,191,No,Layer 1
5361,luis torres,02-05-26,275,1,Layer 2
5362,Ana Silva,2026-01-18,478,1,Software
5363,luis torres,06/02/2026,237,1,Layer 2
5364,luis torres,10/02/2026,-58,Yes,Layer 2
5365,  carlos ruiz,01-23-26,253,No,Layer 1
5366,juan perez,19/01/2026,235,0,Layer 1
5367,Pedro Marmol,14/02/2026,405,Yes,Layer 1
5368,  carlos ruiz,15/02/2026,310,0,Configuration
5369,luis torres,01-26-26,40,N,Layer 2
5370,MARIA LOPEZ,2026/01/31,427,0,Software
5371,Pedro Marmol,2026/02/08,431,N,Configuration
5372,juan perez,02-16-26,402,N,Layer 2
5373,  carlos ruiz,19/01/2026,131,Yes,Software
5374,  carlos ruiz,02-14-26,170,y,Layer 2
5375,juan perez,2026/01/20,57,N,Layer 1
5376,  carlos ruiz,02/02/2026,255,1,Layer 1
5377,Ana Silva,01/02/2026,443,Yes,Configuration
5378,  carlos ruiz,02-10-26,145,0,Layer 2
5379,  carlos ruiz,02-16-26,249,Yes,Configuration
5380,MARIA LOPEZ,26/01/2026,15,y,Layer 2
5381,  carlos ruiz,2026/02/14,346,S,Layer 1
5382,MARIA LOPEZ,2026/02/11,-54,N,Layer 1
5383,MARIA LOPEZ,2026-02-09,45,Yes,Layer 1
5384,luis torres,02-12-26,197,S,Configuration
5385,Pedro Marmol,2026/02/01,-26,1,Layer 1
5386,  carlos ruiz,22/01/2026,329,No,Layer 2
5387,juan perez,2026-02-01,185,0,Software
5388,  carlos ruiz,01-26-26,212,Yes,Configuration
5389,  carlos ruiz,02-11-26,291,Yes,Layer 2
5390,luis torres,02-16-26,284,0,Layer 1
5391,Pedro Marmol,2026/01/30,138,0,Software
5392,  carlos ruiz,10/02/2026,361,S,Configuration
5393,  carlos ruiz,2026/01/21,215,Yes,Software
5394,luis torres,2026-01-28,-70,0,Software
5395,Ana Silva,2026-02-01,-44,N,Layer 1
5396,Pedro Marmol,2026/02/05,462,1,Layer 1
5397,Ana Silva,2026/01/21,-7,0,Layer 2
5398,Ana Silva,2026/01/29,259,y,Configuration
5399,MARIA LOPEZ,2026-02-07,84,y,Software
5400,juan perez,02-04-26,242,No,Configuration
5401,  carlos ruiz,2026-01-22,482,1,Layer 1
5402,MARIA LOPEZ,2026/01/31,76,0,Layer 1
5403,Ana Silva,2026-02-12,114,N,Layer 2
5404,juan perez,2026/02/02,461,1,Software
5405,Pedro Marmol,2026-02-04,11,y,Layer 1
5406,  carlos ruiz,2026/02/10,408,S,Layer 1
5407,luis torres,11/02/2026,281,y,Layer 1
5408,Pedro Marmol,26/01/2026,-14,0,Layer 1
5409,Pedro Marmol,23/01/2026,90,S,Layer 2
5410,  carlos ruiz,18/01/2026,427,Yes,Software
5411,MARIA LOPEZ,2026-01-19,202,y,Configuration
5412,Pedro Marmol,2026/01/22,74,No,Software
5413,juan perez,2026/02/15,377,0,Software
5414,luis torres,13/02/2026,305,S,Configuration
5415,juan perez,2026-02-02,-45,0,Layer 2
5416,luis torres,2026/01/18,296,N,Layer 2
5417,juan perez,2026/02/02,-74,0,Layer 1
5418,luis torres,02-04-26,368,N,Layer 1
5419,  carlos ruiz,2026/02/07,241,0,Layer 1
5420,  carlos ruiz,2026/01/19,360,No,Layer 2
5421,luis torres,01-31-26,223,y,Layer 2
5422,luis torres,2026/02/02,259,1,Software
5423,luis torres,02-05-26,96,No,Software
5424,MARIA LOPEZ,2026-02-12,-63,1,Layer 1
5425,Ana Silva,02-02-26,448,S,Layer 1
5426,juan perez,2026-01-21,30,No,Configuration
5427,juan perez,2026-02-12,222,0,Software
5428,  carlos ruiz,29/01/2026,-44,1,Layer 2
5429,luis torres,2026/02/14,311,0,Configuration
5430,Pedro Marmol,2026-02-13,431,y,Layer 1
5431,Pedro Marmol,2026-01-23,34,0,Layer 2
5432,Pedro Marmol,01-24-26,73,S,Software
5433,MARIA LOPEZ,04/02/2026,284,y,Software
5434,Pedro Marmol,25/01/2026,139,y,Layer 1
5435,luis torres,2026-01-26,-80,No,Configuration
5436,MARIA LOPEZ,02-15-26,314,y,Configuration
5437,Pedro Marmol,2026-01-24,0,N,Layer 2
5438,juan perez,2026/02/01,10,1,Configuration
5439,MARIA LOPEZ,2026-01-19,468,N,Layer 1
5440,luis torres,2026/01/26,306,1,Layer 1
5441,  carlos ruiz,16/02/2026,350,Yes,Configuration
5442,Pedro Marmol,02-07-26,388,y,Layer 1
5443,Ana Silva,13/02/2026,338,Yes,Layer 1
5444,Ana Silva,2026-02-14,354,1,Layer 2
5445,luis torres,02-03-26,407,0,Configuration
5446,Ana Silva,2026/02/06,153,0,Software
5447,Pedro Marmol,2026-02-07,394,1,Layer 1
5448,MARIA LOPEZ,01-23-26,353,N,Layer 1
5449,Ana Silva,26/01/2026,-14,y,Layer 1
5450,juan perez,02-11-26,448,0,Layer 2
5451,luis torres,2026/02/11,437,1,Layer 1
5452,Pedro Marmol,2026/02/05,448,1,Layer 1
5453,luis torres,02-02-26,313,y,Layer 1
5454,luis torres,02-07-26,451,1,Layer 1
5455,luis torres,01-29-26,492,S,Layer 1
5456,luis torres,2026-02-10,104,1,Configuration
5457,juan perez,2026-02-04,405,S,Layer 1
5458,Pedro Marmol,2026/01/21,48,0,Software
5459,luis torres,2026/01/18,166,N,Layer 2
5460,MARIA LOPEZ,18/01/2026,-22,No,Software
5461,luis torres,2026/01/28,422,S,Layer 1
5462,Ana Silva,01-30-26,287,S,Layer 2
5463,Ana Silva,2026-02-12,209,1,Layer 2
5464,Pedro Marmol,2026-02-03,28,Yes,Software
5465,luis torres,2026/01/28,267,N,Layer 1
5466,Ana Silva,2026/01/18,444,S,Layer 2
5467,juan perez,02-10-26,321,1,Layer 2
5468,MARIA LOPEZ,2026-01-24,389,N,Layer 1
5469,MARIA LOPEZ,02-08-26,-31,S,Software
5470,  carlos ruiz,2026/02/06,-68,1,Layer 2
5471,Ana Silva,06/02/2026,123,N,Layer 2
5472,juan perez,01-18-26,103,0,Layer 1
5473,Ana Silva,2026-02-01,91,N,Software
5474,  carlos ruiz,2026-01-27,234,N,Layer 2
5475,Pedro Marmol,14/02/2026,146,No,Configuration
5476,juan perez,2026/01/18,-53,No,Configuration
5477,luis torres,01-20-26,140,y,Configuration
5478,luis torres,2026/01/24,297,0,Layer 2
5479,juan perez,2026/02/04,92,0,Layer 2
5480,Ana Silva,04/02/2026,277,1,Layer 1
5481,Pedro Marmol,2026/01/24,43,Yes,Software
5482,  carlos ruiz,20/01/2026,482,S,Software
5483,Pedro Marmol,2026/02/04,236,No,Layer 2
5484,juan perez,09/02/2026,-86,Yes,Layer 1
5485,luis torres,21/01/2026,140,No,Layer 1
5486,juan perez,2026/01/22,58,N,Layer 1
5487,juan perez,02-16-26,-7,1,Layer 2
5488,juan perez,05/02/2026,147,No,Layer 2
5489,juan perez,2026/01/19,-26,y,Layer 1
5490,  carlos ruiz,2026-01-24,-33,Yes,Software
5491,  carlos ruiz,2026-02-12,-75,S,Software
5492,luis torres,2026/02/12,307,0,Software
5493,Pedro Marmol,2026/01/22,205,1,Layer 2
5494,Ana Silva,02-08-26,283,No,Layer 1
5495,MARIA LOPEZ,2026-01-24,360,N,Software
5496,Pedro Marmol,31/01/2026,-75,Yes,Software
5497,  carlos ruiz,13/02/2026,-51,S,Layer 2
5498,luis torres,2026-02-13,51,S,Configuration
5499,juan perez,2026-02-04,485,1,Software
5500,juan perez,2026-01-24,-80,Yes,Configuration
5501,luis torres,13/02/2026,4,y,Layer 2
5502,luis torres,18/01/2026,-9,y,Layer 2
5503,luis torres,2026/02/05,58,0,Layer 1
5504,juan perez,18/01/2026,179,1,Layer 1
5505,luis torres,25/01/2026,435,No,Layer 2
5506,MARIA LOPEZ,2026-02-15,137,Yes,Configuration
5507,juan perez,2026-02-16,68,N,Layer 1
5508,  carlos ruiz,2026/02/06,478,0,Configuration
5509,Ana Silva,29/01/2026,57,S,Layer 1
5510,MARIA LOPEZ,20/01/2026,-17,0,Layer 1
5511,Pedro Marmol,2026-02-08,301,No,Layer 2
5512,luis torres,2026-01-22,244,1,Configuration
5513,MARIA LOPEZ,2026-01-20,429,1,Layer 1
5514,juan perez,01-25-26,161,No,Layer 2
5515,juan perez,2026/02/11,114,N,Layer 2
5516,MARIA LOPEZ,13/02/2026,-41,Yes,Layer 1
5517,  carlos ruiz,2026/02/08,294,0,Layer 2
5518,  carlos ruiz,2026-01-19,258,S,Software
5519,MARIA LOPEZ,02-01-26,235,No,Layer 1
5520,Pedro Marmol,01-23-26,305,0,Layer 1
5521,luis torres,05/02/2026,325,S,Configuration
5522,juan perez,2026-01-29,446,N,Layer 2
5523,Pedro Marmol,2026/01/28,172,No,Configuration
5524,MARIA LOPEZ,2026-02-11,-37,No,Layer 1
5525,Pedro Marmol,22/01/2026,343,0,Layer 2
5526,  carlos ruiz,24/01/2026,354,y,Layer 1
5527,juan perez,2026-02-05,471,0,Configuration
5528,luis torres,01-25-26,-97,No,Software
5529,luis torres,01-25-26,457,y,Layer 2
5530,  carlos ruiz,2026/02/15,314,Yes,Layer 2
5531,Pedro Marmol,05/02/2026,297,S,Configuration
5532,Pedro Marmol,20/01/2026,272,No,Layer 2
5533,juan perez,17/01/2026,350,S,Configuration
5534,juan perez,01-17-26,-48,y,Configuration
5535,MARIA LOPEZ,2026/01/31,217,y,Layer 1
5536,MARIA LOPEZ,2026-02-10,494,S,Software
5537,  carlos ruiz,2026/01/21,-96,0,Layer 1
5538,luis torres,2026-01-21,56,y,Layer 2
5539,Pedro Marmol,02-11-26,191,N,Layer 2
5540,  carlos ruiz,2026/02/05,91,0,Software
5541,  carlos ruiz,02-01-26,169,Yes,Layer 2
5542,Ana Silva,01-28-26,-82,0,Layer 1
5543,luis torres,2026/01/21,109,y,Layer 1
5544,Pedro Marmol,04/02/2026,302,N,Layer 2
5545,MARIA LOPEZ,16/02/2026,312,1,Software
5546,Ana Silva,02-15-26,20,No,Software
5547,luis torres,17/01/2026,-6,N,Software
5548,  carlos ruiz,2026/02/10,205,No,Layer 2
5549,juan perez,2026/02/02,417,Yes,Layer 1
5550,juan perez,01-18-26,43,0,Layer 2
5551,Ana Silva,2026-02-13,189,No,Software
5552,luis torres,2026/02/06,-71,No,Software
5553,Ana Silva,06/02/2026,-74,1,Configuration
5554,MARIA LOPEZ,02-13-26,400,No,Layer 1
5555,Ana Silva,2026-02-06,68,y,Configuration
5556,  carlos ruiz,2026/01/18,235,N,Configuration
5557,Ana Silva,14/02/2026,358,y,Software
5558,  carlos ruiz,2026-02-16,413,0,Software
5559,Pedro Marmol,2026/02/07,39,y,Layer 1
5560,luis torres,2026-01-29,116,S,Layer 1
5561,Ana Silva,10/02/2026,212,1,Layer 1
5562,juan perez,01-27-26,499,0,Layer 2
5563,Pedro Marmol,22/01/2026,-21,0,Configuration
5564,Ana Silva,2026/01/18,-57,Yes,Software
5565,luis torres,08/02/2026,270,S,Layer 2
5566,MARIA LOPEZ,2026/01/27,62,0,Layer 1
5567,Ana Silva,15/02/2026,442,No,Software
5568,Ana Silva,01-19-26,141,1,Layer 1
5569,juan perez,2026-01-23,178,S,Configuration
5570,Pedro Marmol,2026-02-03,424,N,Layer 1
5571,Pedro Marmol,02-08-26,435,0,Configuration
5572,  carlos ruiz,02-10-26,250,y,Configuration
5573,Ana Silva,2026/02/04,-15,0,Layer 1
5574,Ana Silva,01-27-26,422,S,Layer 1
5575,MARIA LOPEZ,2026-01-23,161,1,Configuration
5576,  carlos ruiz,25/01/2026,370,S,Software
5577,Ana Silva,2026/02/04,190,y,Layer 1
5578,luis torres,2026/02/10,289,N,Layer 1
5579,MARIA LOPEZ,2026/01/28,-54,S,Layer 2
5580,juan perez,2026-02-09,54,Yes,Layer 2
5581,Pedro Marmol,10/02/2026,38,Yes,Configuration
5582,MARIA LOPEZ,19/01/2026,243,No,Software
5583,Pedro Marmol,30/01/2026,-92,0,Layer 1
5584,juan perez,02-13-26,398,No,Software
5585,luis torres,2026/01/24,26,N,Layer 1
5586,Ana Silva,2026/02/03,8,Yes,Software
5587,Pedro Marmol,2026-02-10,287,N,Layer 1
5588,juan perez,07/02/2026,367,Yes,Configuration
5589,MARIA LOPEZ,2026/02/07,39,S,Software
5590,  carlos ruiz,2026-01-29,278,1,Configuration
5591,luis torres,01-26-26,427,y,Software
5592,Ana Silva,2026/01/29,-78,y,Software
5593,Pedro Marmol,2026-02-09,439,1,Layer 1
5594,Ana Silva,2026-02-01,443,1,Layer 1
5595,luis torres,02-01-26,158,1,Layer 1
5596,luis torres,2026/01/28,465,N,Layer 1
5597,luis torres,09/02/2026,393,0,Software
5598,luis torres,02-05-26,266,No,Layer 1
5599,juan perez,11/02/2026,491,0,Layer 1
5600,MARIA LOPEZ,2026-02-16,380,y,Layer 2
5601,Ana Silva,08/02/2026,165,Yes,Configuration
5602,Pedro Marmol,11/02/2026,156,S,Software
5603,Ana Silva,12/02/2026,-55,1,Software
5604,MARIA LOPEZ,2026-01-29,344,No,Configuration
5605,Pedro Marmol,2026/02/04,61,No,Layer 2
5606,Ana Silva,2026-02-14,-34,0,Layer 1
5607,Pedro Marmol,2026-01-17,321,0,Software
5608,juan perez,30/01/2026,204,S,Configuration
5609,luis torres,2026/01/21,78,S,Software
5610,Pedro Marmol,02-01-26,167,y,Software
5611,MARIA LOPEZ,01-22-26,404,S,Layer 1
5612,juan perez,27/01/2026,174,S,Software
5613,Ana Silva,02-02-26,98,Yes,Configuration
5614,luis torres,2026/01/30,371,No,Layer 1
5615,MARIA LOPEZ,06/02/2026,415,1,Layer 2
5616,Pedro Marmol,24/01/2026,408,Yes,Layer 2
5617,Pedro Marmol,05/02/2026,-32,N,Software
5618,luis torres,2026/02/16,11,0,Layer 1
5619,  carlos ruiz,2026/01/19,309,S,Layer 1
5620,Ana Silva,06/02/2026,189,Yes,Layer 2
5621,  carlos ruiz,07/02/2026,-88,S,Layer 2
5622,luis torres,24/01/2026,45,Yes,Software
5623,juan perez,2026-01-28,176,Yes,Layer 2
5624,juan perez,2026-02-09,407,No,Configuration
5625,Pedro Marmol,2026-02-02,374,y,Layer 2
5626,MARIA LOPEZ,12/02/2026,428,Yes,Configuration
5627,  carlos ruiz,02-16-26,32,1,Layer 1
5628,  carlos ruiz,2026/01/18,134,S,Layer 1
5629,  carlos ruiz,2026/01/23,266,1,Layer 2
5630,MARIA LOPEZ,2026-02-10,375,y,Configuration
5631,  carlos ruiz,2026-02-11,355,1,Layer 1
5632,Ana Silva,02-08-26,142,y,Layer 1
5633,  carlos ruiz,2026/01/23,190,Yes,Configuration
5634,MARIA LOPEZ,2026/01/25,134,y,Configuration
5635,MARIA LOPEZ,2026/02/12,323,N,Configuration
5636,MARIA LOPEZ,20/01/2026,314,S,Layer 2
5637,luis torres,2026/01/29,326,1,Software
5638,juan perez,2026-01-25,213,0,Software
5639,Pedro Marmol,2026-02-05,-28,N,Layer 1
5640,MARIA LOPEZ,10/02/2026,324,y,Software
5641,luis torres,2026/02/12,28,0,Configuration
5642,juan perez,24/01/2026,342,N,Layer 1
5643,luis torres,2026-01-22,481,1,Software
5644,Pedro Marmol,05/02/2026,-62,y,Software
5645,MARIA LOPEZ,03/02/2026,7,No,Configuration
5646,Pedro Marmol,20/01/2026,218,Yes,Software
5647,luis torres,05/02/2026,438,Yes,Configuration
5648,MARIA LOPEZ,2026/01/19,145,S,Layer 2
5649,Pedro Marmol,2026-02-09,114,0,Layer 2
5650,  carlos ruiz,2026/01/20,-77,Yes,Layer 2
5651,Ana Silva,02-03-26,424,No,Configuration
5652,Ana Silva,02-08-26,153,N,Layer 1
5653,MARIA LOPEZ,14/02/2026,321,0,Layer 2
5654,Pedro Marmol,2026-01-24,-76,No,Software
5655,  carlos ruiz,2026/01/26,428,1,Software
5656,  carlos ruiz,2026/02/16,-19,S,Layer 2
5657,Pedro Marmol,02-16-26,120,1,Layer 2
5658,MARIA LOPEZ,2026-02-12,-1,Yes,Layer 2
5659,Pedro Marmol,28/01/2026,265,No,Software
5660,Pedro Marmol,02-12-26,292,N,Software
5661,MARIA LOPEZ,2026-01-21,-93,y,Layer 1
5662,MARIA LOPEZ,2026/01/27,-47,No,Layer 2
5663,MARIA LOPEZ,31/01/2026,288,0,Layer 2
5664,MARIA LOPEZ,22/01/2026,266,N,Software
5665,Pedro Marmol,2026/01/17,483,S,Layer 1
5666,juan perez,2026/01/30,382,S,Software
5667,juan perez,2026/02/11,371,1,Layer 1
5668,luis torres,2026-02-05,83,N,Configuration
5669,Ana Silva,02-14-26,67,y,Layer 2
5670,  carlos ruiz,2026/02/01,282,y,Software
5671,luis torres,02-14-26,-74,N,Configuration
5672,luis torres,02-15-26,272,0,Configuration
5673,MARIA LOPEZ,02-06-26,217,1,Layer 1
5674,luis torres,15/02/2026,16,N,Software
5675,Ana Silva,01/02/2026,187,N,Layer 1
5676,MARIA LOPEZ,02-12-26,387,S,Software
5677,Ana Silva,30/01/2026,196,1,Layer 1
5678,luis torres,2026/02/16,133,N,Layer 1
5679,MARIA LOPEZ,2026-01-27,100,N,Software
5680,juan perez,01-24-26,206,N,Configuration
5681,  carlos ruiz,01-22-26,328,1,Layer 1
5682,Ana Silva,10/02/2026,330,0,Configuration
5683,Ana Silva,22/01/2026,-63,No,Software
5684,MARIA LOPEZ,2026-01-18,2,S,Layer 2
5685,Pedro Marmol,2026/02/07,248,N,Layer 2
5686,MARIA LOPEZ,01-28-26,-7,0,Layer 2
5687,luis torres,2026-01-28,242,Yes,Layer 1
5688,Ana Silva,01-26-26,185,No,Software
5689,Ana Silva,25/01/2026,2,No,Software
5690,Pedro Marmol,2026-02-02,308,N,Configuration
5691,Pedro Marmol,02-01-26,110,S,Layer 1
5692,Pedro Marmol,2026-02-14,197,1,Layer 1
5693,juan perez,01-17-26,433,S,Software
5694,  carlos ruiz,2026/02/16,107,1,Software
5695,luis torres,2026-02-06,412,1,Software
5696,  carlos ruiz,2026-01-24,206,1,Layer 1
5697,  carlos ruiz,01-20-26,258,Yes,Layer 1
5698,MARIA LOPEZ,01-30-26,13,S,Software
5699,MARIA LOPEZ,2026/01/20,311,Yes,Layer 2
5700,Ana Silva,2026/02/16,99,S,Layer 2
5701,juan perez,01-29-26,242,0,Configuration
5702,juan perez,01-31-26,56,N,Layer 1
5703,MARIA LOPEZ,01-28-26,124,No,Configuration
5704,Pedro Marmol,2026-01-19,130,Yes,Layer 2
5705,Pedro Marmol,02/02/2026,397,N,Configuration
5706,Pedro Marmol,01-24-26,212,1,Configuration
5707,luis torres,02-13-26,-20,N,Software
5708,Ana Silva,2026/01/23,491,0,Software
5709,  carlos ruiz,01-17-26,294,N,Layer 2
5710,MARIA LOPEZ,01-19-26,384,S,Layer 2
5711,MARIA LOPEZ,2026-02-10,91,S,Layer 2
5712,juan perez,01-26-26,275,No,Layer 1
5713,MARIA LOPEZ,2026-02-13,206,0,Layer 2
5714,Ana Silva,2026/01/17,187,S,Layer 2
5715,Ana Silva,2026/02/09,149,1,Software
5716,MARIA LOPEZ,13/02/2026,210,No,Software
5717,MARIA LOPEZ,2026/02/13,279,1,Layer 2
5718,  carlos ruiz,2026/01/29,128,y,Software
5719,juan perez,2026/01/17,468,S,Configuration
5720,MARIA LOPEZ,02-14-26,107,N,Software
5721,MARIA LOPEZ,2026/01/27,288,No,Configuration
5722,Ana Silva,2026-02-16,28,y,Layer 2
5723,Ana Silva,2026-01-24,243,No,Layer 1
5724,MARIA LOPEZ,09/02/2026,170,Yes,Configuration
5725,  carlos ruiz,2026/01/29,-43,0,Layer 2
5726,MARIA LOPEZ,02-01-26,455,1,Configuration
5727,luis torres,2026-01-28,367,y,Layer 1
5728,MARIA LOPEZ,2026-02-07,219,S,Configuration
5729,  carlos ruiz,2026-02-16,-54,No,Software
5730,  carlos ruiz,01-25-26,465,1,Layer 2
5731,Pedro Marmol,2026/01/28,251,y,Layer 1
5732,juan perez,2026/02/05,-5,Yes,Layer 2
5733,Pedro Marmol,01-28-26,78,1,Layer 2
5734,Pedro Marmol,01-27-26,204,Yes,Configuration
5735,MARIA LOPEZ,2026-01-24,-38,0,Layer 2
5736,  carlos ruiz,2026-02-04,233,1,Layer 1
5737,juan perez,27/01/2026,488,S,Configuration
5738,juan perez,01-29-26,-43,Yes,Configuration
5739,MARIA LOPEZ,27/01/2026,177,0,Configuration
5740,MARIA LOPEZ,2026-01-19,393,No,Layer 2
5741,  carlos ruiz,18/01/2026,1,Yes,Layer 1
5742,  carlos ruiz,2026/01/29,247,0,Configuration
5743,Pedro Marmol,2026-02-02,270,y,Layer 2
5744,luis torres,2026/01/21,497,S,Layer 2
5745,  carlos ruiz,27/01/2026,478,0,Layer 1
5746,Ana Silva,02-13-26,44,1,Software
5747,  carlos ruiz,21/01/2026,136,0,Layer 2
5748,Pedro Marmol,2026/01/27,451,Yes,Configuration
5749,MARIA LOPEZ,02-14-26,92,No,Configuration
5750,luis torres,2026/02/04,317,No,Software
5751,luis torres,2026/01/24,-42,0,Software
5752,Pedro Marmol,2026/02/06,104,No,Layer 2
5753,juan perez,2026/02/02,-61,Yes,Layer 1
5754,juan perez,03/02/2026,179,N,Layer 2
5755,Ana Silva,20/01/2026,127,1,Software
5756,Pedro Marmol,01-19-26,356,0,Software
5757,juan perez,02-08-26,259,N,Layer 1
5758,luis torres,06/02/2026,64,1,Layer 1
5759,juan perez,2026/02/13,455,0,Configuration
5760,Pedro Marmol,2026-02-07,120,N,Software
5761,luis torres,16/02/2026,324,0,Layer 1
5762,luis torres,2026/02/06,-15,1,Software
5763,Ana Silva,19/01/2026,104,y,Layer 1
5764,Pedro Marmol,26/01/2026,-100,y,Configuration
5765,luis torres,2026-02-12,157,Yes,Software
5766,luis torres,2026-01-27,223,No,Configuration
5767,Pedro Marmol,2026/01/30,18,N,Layer 2
5768,MARIA LOPEZ,2026/01/26,256,0,Configuration
5769,juan perez,01-17-26,307,No,Software
5770,Pedro Marmol,01-18-26,46,N,Software
5771,Pedro Marmol,2026/01/18,132,S,Layer 2
5772,MARIA LOPEZ,2026/02/15,370,Yes,Software
5773,MARIA LOPEZ,02-01-26,500,No,Configuration
5774,luis torres,2026-02-13,484,y,Layer 2
5775,Pedro Marmol,2026/02/13,353,S,Layer 1
5776,Ana Silva,2026-01-25,59,y,Layer 1
5777,Pedro Marmol,06/02/2026,12,S,Configuration
5778,luis torres,01-19-26,-28,y,Layer 2
5779,juan perez,02-04-26,220,0,Layer 2
5780,Pedro Marmol,2026-01-31,174,0,Software
5781,luis torres,01-19-26,-15,No,Software
5782,luis torres,27/01/2026,483,0,Layer 2
5783,MARIA LOPEZ,06/02/2026,23,0,Layer 2
5784,Pedro Marmol,03/02/2026,317,N,Configuration
5785,Pedro Marmol,2026-01-17,4,0,Layer 2
5786,MARIA LOPEZ,2026-01-18,57,N,Layer 1
5787,  carlos ruiz,2026/02/03,0,0,Layer 1
5788,MARIA LOPEZ,2026-02-07,470,S,Configuration
5789,  carlos ruiz,2026/01/19,489,Yes,Software
5790,MARIA LOPEZ,2026/02/03,319,N,Layer 2
5791,MARIA LOPEZ,2026/02/04,147,1,Configuration
5792,juan perez,02-16-26,63,No,Configuration
5793,Ana Silva,2026/01/20,499,Yes,Layer 1
5794,MARIA LOPEZ,2026/01/28,135,N,Layer 1
5795,MARIA LOPEZ,2026-01-29,207,0,Software
5796,MARIA LOPEZ,02-04-26,221,1,Configuration
5797,Ana Silva,01-23-26,84,S,Layer 1
5798,MARIA LOPEZ,2026/02/16,14,Yes,Layer 1
5799,juan perez,30/01/2026,-60,0,Software
5800,juan perez,2026/02/07,-7,y,Configuration
5801,Ana Silva,16/02/2026,-67,S,Layer 1
5802,juan perez,01-21-26,500,y,Layer 1
5803,MARIA LOPEZ,01-24-26,205,0,Software
5804,MARIA LOPEZ,01-28-26,66,1,Software
5805,luis torres,2026-02-10,374,Yes,Configuration
5806,MARIA LOPEZ,2026/02/01,275,No,Software
5807,luis torres,2026/02/09,371,Yes,Layer 2
5808,MARIA LOPEZ,01-26-26,482,No,Layer 1
5809,luis torres,02-09-26,413,0,Layer 2
5810,Pedro Marmol,01-28-26,57,1,Layer 2
5811,luis torres,2026-02-03,281,No,Configuration
5812,juan perez,25/01/2026,6,N,Layer 1
5813,luis torres,02/02/2026,399,S,Layer 2
5814,MARIA LOPEZ,2026/02/15,303,1,Configuration
5815,MARIA LOPEZ,2026-01-18,397,0,Configuration
5816,MARIA LOPEZ,2026/01/26,292,1,Configuration
5817,Pedro Marmol,31/01/2026,173,y,Configuration
5818,MARIA LOPEZ,01-20-26,136,0,Layer 1
5819,luis torres,25/01/2026,325,y,Layer 2
5820,  carlos ruiz,08/02/2026,-5,Yes,Layer 2
5821,  carlos ruiz,2026-01-30,292,Yes,Software
5822,Ana Silva,14/02/2026,16,Yes,Layer 2
5823,juan perez,2026-01-24,-96,1,Layer 1
5824,luis torres,2026/01/25,202,Yes,Layer 1
5825,luis torres,2026-02-14,-45,No,Layer 2
5826,luis torres,2026-01-20,312,S,Layer 2
5827,Ana Silva,02-07-26,-13,No,Layer 1
5828,  carlos ruiz,2026/02/06,55,Yes,Software
5829,Ana Silva,02-02-26,287,Yes,Software
5830,MARIA LOPEZ,01-30-26,171,N,Layer 1
5831,Ana Silva,28/01/2026,477,Yes,Layer 2
5832,luis torres,05/02/2026,79,No,Layer 1
5833,MARIA LOPEZ,2026-01-18,98,0,Configuration
5834,juan perez,2026/02/12,253,0,Software
5835,MARIA LOPEZ,2026-01-19,187,y,Layer 2
5836,MARIA LOPEZ,01-20-26,174,N,Software
5837,Pedro Marmol,11/02/2026,-98,S,Layer 2
5838,luis torres,01-20-26,66,S,Layer 2
5839,luis torres,02-12-26,172,S,Configuration
5840,  carlos ruiz,2026-02-06,156,y,Software
5841,  carlos ruiz,2026/01/18,-31,No,Software
5842,Pedro Marmol,2026-02-02,-23,1,Layer 1
5843,juan perez,2026-02-01,-100,No,Layer 1
5844,Pedro Marmol,24/01/2026,429,No,Layer 2
5845,Pedro Marmol,01-30-26,-60,No,Layer 1
5846,Pedro Marmol,02-16-26,268,No,Layer 2
5847,MARIA LOPEZ,01-22-26,301,No,Software
5848,Pedro Marmol,2026-02-09,398,y,Configuration
5849,Pedro Marmol,2026/01/28,156,Yes,Configuration
5850,MARIA LOPEZ,2026/01/25,165,Yes,Layer 2
5851,luis torres,2026/02/15,317,S,Layer 2
5852,  carlos ruiz,02-07-26,88,0,Layer 2
5853,luis torres,22/01/2026,-76,S,Software
5854,Ana Silva,02-16-26,203,Yes,Configuration
5855,  carlos ruiz,2026/01/21,2,y,Layer 1
5856,  carlos ruiz,05/02/2026,106,Yes,Software
5857,Ana Silva,2026/01/18,-84,y,Layer 2
5858,  carlos ruiz,28/01/2026,181,S,Software
5859,MARIA LOPEZ,02-16-26,445,Yes,Layer 2
5860,MARIA LOPEZ,2026/01/20,360,1,Software
5861,MARIA LOPEZ,01-28-26,125,Yes,Layer 2
5862,Pedro Marmol,2026/02/07,311,1,Layer 1
5863,  carlos ruiz,01-29-26,201,No,Layer 2
5864,juan perez,2026-02-14,340,Yes,Layer 2
5865,juan perez,01-27-26,128,0,Software
5866,MARIA LOPEZ,08/02/2026,231,y,Configuration
5867,Pedro Marmol,17/01/2026,-23,y,Layer 1
5868,MARIA LOPEZ,2026-01-30,354,1,Layer 2
5869,juan perez,2026-01-30,-14,Yes,Configuration
5870,Ana Silva,02-14-26,-4,0,Software
5871,Pedro Marmol,31/01/2026,328,No,Layer 2
5872,  carlos ruiz,01-23-26,465,S,Layer 2
5873,Pedro Marmol,01-25-26,269,Yes,Configuration
5874,Pedro Marmol,04/02/2026,92,S,Software
5875,luis torres,01-26-26,64,y,Software
5876,luis torres,02-07-26,429,N,Configuration
5877,Pedro Marmol,2026/02/05,-65,No,Software
5878,juan perez,2026/02/11,381,y,Software
5879,luis torres,23/01/2026,86,Yes,Layer 2
5880,Ana Silva,01-26-26,-32,Yes,Software
5881,luis torres,02-04-26,237,1,Layer 1
5882,MARIA LOPEZ,2026-02-04,285,N,Layer 2
5883,Pedro Marmol,07/02/2026,113,Yes,Layer 1
5884,Pedro Marmol,19/01/2026,94,1,Configuration
5885,juan perez,01-22-26,158,No,Configuration
5886,luis torres,02-16-26,-93,1,Layer 1
5887,Ana Silva,2026-01-27,389,1,Software
5888,luis torres,12/02/2026,330,N,Layer 1
5889,juan perez,2026/02/13,332,Yes,Layer 1
5890,Ana Silva,2026/01/30,475,y,Software
5891,MARIA LOPEZ,2026-02-14,186,S,Layer 2
5892,juan perez,19/01/2026,143,y,Configuration
5893,luis torres,2026-01-24,358,N,Layer 1
5894,Pedro Marmol,13/02/2026,48,0,Layer 1
5895,Ana Silva,2026-01-27,9,1,Configuration
5896,juan perez,02-01-26,312,Yes,Layer 2
5897,Pedro Marmol,24/01/2026,124,N,Software
5898,juan perez,14/02/2026,253,N,Configuration
5899,Ana Silva,02-13-26,-72,y,Configuration
5900,Ana Silva,24/01/2026,46,0,Configuration
5901,juan perez,2026-01-21,-11,1,Layer 1
5902,Ana Silva,2026-01-18,487,No,Software
5903,luis torres,02-04-26,278,y,Layer 2
5904,juan perez,02-15-26,164,N,Layer 2
5905,MARIA LOPEZ,2026/01/26,-3,Yes,Software
5906,Pedro Marmol,2026-02-02,13,N,Layer 2
5907,luis torres,2026/02/04,269,S,Layer 2
5908,MARIA LOPEZ,2026/02/08,-44,N,Configuration
5909,MARIA LOPEZ,10/02/2026,-46,0,Layer 2
5910,Pedro Marmol,2026-02-10,481,0,Layer 2
5911,MARIA LOPEZ,2026-01-26,324,No,Software
5912,MARIA LOPEZ,12/02/2026,-49,N,Configuration
5913,  carlos ruiz,2026-01-31,321,1,Layer 2
5914,juan perez,01/02/2026,-95,y,Layer 2
5915,MARIA LOPEZ,2026/02/16,442,S,Layer 2
5916,juan perez,01-25-26,260,1,Layer 1
5917,Pedro Marmol,2026-01-21,115,0,Layer 1
5918,juan perez,07/02/2026,178,S,Software
5919,MARIA LOPEZ,2026-02-16,-85,No,Layer 1
5920,luis torres,01-30-26,278,1,Layer 2
5921,Pedro Marmol,2026/02/07,450,N,Layer 1
5922,MARIA LOPEZ,02-11-26,202,y,Configuration
5923,Ana Silva,16/02/2026,22,y,Configuration
5924,MARIA LOPEZ,2026-02-05,197,y,Layer 1
5925,luis torres,2026-02-01,250,S,Layer 2
5926,MARIA LOPEZ,2026-01-22,295,y,Software
5927,MARIA LOPEZ,30/01/2026,36,N,Layer 1
5928,juan perez,2026/02/15,226,Yes,Configuration
5929,MARIA LOPEZ,01-31-26,478,0,Layer 1
5930,  carlos ruiz,18/01/2026,139,No,Layer 1
5931,luis torres,2026/02/12,351,y,Software
5932,Ana Silva,2026/01/18,56,y,Layer 2
5933,luis torres,2026-01-29,175,y,Layer 2
5934,Ana Silva,2026/02/10,-44,y,Layer 1
5935,juan perez,01-30-26,-90,0,Software
5936,Pedro Marmol,02-08-26,310,No,Layer 1
5937,luis torres,2026/02/03,370,1,Configuration
5938,  carlos ruiz,2026/02/07,500,No,Software
5939,Ana Silva,2026/01/21,68,N,Layer 2
5940,Pedro Marmol,2026/01/19,471,No,Layer 2
5941,luis torres,01-19-26,306,N,Layer 1
5942,MARIA LOPEZ,2026-02-08,441,y,Configuration
5943,  carlos ruiz,16/02/2026,53,Yes,Layer 1
5944,juan perez,2026-01-24,93,1,Layer 1
5945,juan perez,02-01-26,171,S,Layer 1
5946,Pedro Marmol,2026/02/14,32,No,Software
5947,MARIA LOPEZ,2026-02-15,57,No,Configuration
5948,MARIA LOPEZ,21/01/2026,180,0,Layer 2
5949,  carlos ruiz,01-30-26,-69,S,Software
5950,juan perez,2026/01/29,-25,No,Software
5951,  carlos ruiz,2026/02/15,-99,No,Layer 1
5952,MARIA LOPEZ,02-07-26,73,Yes,Software
5953,MARIA LOPEZ,2026-02-14,417,1,Configuration
5954,  carlos ruiz,2026/01/24,-99,S,Software
5955,MARIA LOPEZ,2026-01-27,-87,Yes,Layer 1
5956,Ana Silva,2026/02/12,301,S,Layer 1
5957,luis torres,2026/02/10,159,S,Software
5958,luis torres,01-17-26,224,N,Layer 1
5959,Pedro Marmol,2026/02/16,435,1,Software
5960,Pedro Marmol,09/02/2026,50,S,Configuration
5961,MARIA LOPEZ,2026/01/31,-6,y,Configuration
5962,juan perez,2026/02/03,319,0,Software
5963,  carlos ruiz,2026/01/28,316,1,Configuration
5964,Ana Silva,2026/02/08,82,y,Configuration
5965,juan perez,04/02/2026,444,0,Layer 2
5966,Ana Silva,07/02/2026,30,y,Software
5967,luis torres,2026/01/26,448,Yes,Layer 2
5968,  carlos ruiz,03/02/2026,-59,y,Layer 2
5969,juan perez,2026-01-26,-87,N,Layer 2
5970,MARIA LOPEZ,31/01/2026,-18,Yes,Layer 1
5971,luis torres,02-03-26,349,N,Layer 1
5972,Ana Silva,2026/02/04,222,Yes,Layer 2
5973,luis torres,01-22-26,332,S,Configuration
5974,Ana Silva,08/02/2026,0,N,Software
5975,MARIA LOPEZ,08/02/2026,246,y,Configuration
5976,luis torres,2026-02-07,441,y,Layer 1
5977,Pedro Marmol,01-17-26,-63,y,Layer 2
5978,  carlos ruiz,2026/01/29,-99,No,Layer 1
5979,Pedro Marmol,2026-01-28,407,1,Layer 2
5980,Ana Silva,2026-02-08,203,N,Configuration
5981,MARIA LOPEZ,15/02/2026,17,y,Layer 2
5982,Pedro Marmol,02-04-26,196,1,Layer 1
5983,Pedro Marmol,02-13-26,212,S,Layer 1
5984,  carlos ruiz,2026/02/03,336,0,Layer 2
5985,luis torres,02-13-26,489,No,Software
5986,Ana Silva,17/01/2026,5,No,Software
5987,juan perez,2026-02-16,186,S,Software
5988,juan perez,2026-01-31,-46,S,Layer 1
5989,juan perez,2026-02-04,157,y,Layer 2
5990,MARIA LOPEZ,2026/02/16,315,y,Layer 2
5991,Ana Silva,2026/01/27,55,y,Configuration
5992,juan perez,01-30-26,-94,N,Configuration
5993,juan perez,22/01/2026,-75,N,Layer 1
5994,  carlos ruiz,02-14-26,-57,y,Layer 1
5995,  carlos ruiz,2026/02/07,426,N,Layer 1
5996,  carlos ruiz,02-06-26,242,0,Configuration
5997,MARIA LOPEZ,12/02/2026,367,y,Software
5998,Pedro Marmol,14/02/2026,37,S,Configuration
5999,MARIA LOPEZ,02-13-26,370,y,Software
